index,step_estimated,layer_estimated,alpha_s,alpha_f
0,0,0,1.6688182353973389,0.9258800148963928
1,0,1,1.4542365074157715,0.3947303593158722
2,0,2,1.8139961957931519,1.9404726028442383
3,0,3,1.7102590799331665,1.8425471782684326
4,0,4,1.6415690183639526,1.71127450466156
5,0,5,1.4397321939468384,1.6853610277175903
6,0,6,1.4677094221115112,1.4224934577941895
7,0,7,1.6732597351074219,1.5211511850357056
8,0,8,1.3529213666915894,1.5954859256744385
9,0,9,1.1088850498199463,1.09804105758667
10,0,10,1.1077443361282349,1.1897087097167969
11,0,11,1.2806085348129272,1.8287885189056396
12,0,12,0.9256681203842163,1.885455846786499
13,0,13,1.2221325635910034,1.4095317125320435
14,0,14,1.2584341764450073,1.7781078815460205
15,0,15,1.1236343383789062,1.8355836868286133
16,0,16,1.2262442111968994,1.7122124433517456
17,0,17,1.155370831489563,1.6674373149871826
18,0,18,1.410935878753662,1.5480879545211792
19,0,19,1.3275445699691772,1.6783572435379028
20,0,20,1.1270513534545898,1.3248279094696045
21,0,21,1.2187119722366333,1.5980224609375
22,0,22,1.1465705633163452,1.3966327905654907
23,0,23,1.0425509214401245,1.3172438144683838
24,0,24,1.048987627029419,1.2030243873596191
25,0,25,1.1298198699951172,1.3323363065719604
26,0,26,0.8180292844772339,0.9648004770278931
27,0,27,1.3715540170669556,1.6108824014663696
28,0,28,1.1204488277435303,1.1839264631271362
29,0,29,1.1363967657089233,1.5023084878921509
30,0,30,1.1573272943496704,1.720499038696289
31,0,31,1.130377173423767,1.2450525760650635
32,0,32,1.0441254377365112,1.3903629779815674
33,0,33,1.1261320114135742,1.5734151601791382
34,0,34,0.9345158934593201,1.1589372158050537
35,0,35,1.371107816696167,1.2918018102645874
36,0,36,1.3098219633102417,1.8796508312225342
37,0,37,1.6023963689804077,1.6086509227752686
38,0,38,1.3063021898269653,1.8404227495193481
39,0,39,1.3670142889022827,1.871138334274292
40,0,40,1.3979771137237549,1.1155083179473877
41,0,41,1.564346194267273,1.8885226249694824
42,0,42,1.2897803783416748,0.9068396687507629
43,0,43,1.4208070039749146,1.7376055717468262
44,0,44,1.5716989040374756,1.3933578729629517
45,0,45,1.6584961414337158,1.7154384851455688
46,0,46,1.394726276397705,0.9971405267715454
47,0,47,1.4583547115325928,1.4153306484222412
48,0,48,1.4496313333511353,1.7870897054672241
49,0,49,1.4265837669372559,1.7845146656036377
50,0,50,1.5734875202178955,1.6836721897125244
51,0,51,1.398970365524292,1.9108861684799194
52,0,52,1.5025919675827026,1.734288215637207
53,0,53,1.635067105293274,1.5583025217056274
54,0,54,1.885660171508789,1.8270177841186523
55,0,55,1.9515118598937988,1.7664730548858643
56,0,56,1.9367198944091797,1.9761666059494019
57,0,57,1.633435845375061,1.7915822267532349
58,0,58,1.8921349048614502,1.9287954568862915
59,0,59,1.6529011726379395,1.9800432920455933
60,0,60,1.5847748517990112,1.8593336343765259
61,0,61,1.8105295896530151,0.530467689037323
62,0,62,1.7821824550628662,1.6170763969421387
63,0,63,1.7870725393295288,1.9175416231155396
64,1,0,1.637847661972046,0.9429996609687805
65,1,1,1.4287315607070923,0.418399453163147
66,1,2,1.7973533868789673,1.9338806867599487
67,1,3,1.6991791725158691,1.8316001892089844
68,1,4,1.6225905418395996,1.7083337306976318
69,1,5,1.4276142120361328,1.6799298524856567
70,1,6,1.445766568183899,1.4235072135925293
71,1,7,1.615207552909851,1.5370619297027588
72,1,8,1.332675576210022,1.575416088104248
73,1,9,1.1261483430862427,1.1111483573913574
74,1,10,1.120785117149353,1.2085319757461548
75,1,11,1.259047269821167,1.8167604207992554
76,1,12,0.9611132740974426,1.8778282403945923
77,1,13,1.2862073183059692,1.4467114210128784
78,1,14,1.26114022731781,1.7714871168136597
79,1,15,1.1328377723693848,1.8255226612091064
80,1,16,1.2398897409439087,1.7069034576416016
81,1,17,1.1510766744613647,1.6504848003387451
82,1,18,1.3897837400436401,1.5373908281326294
83,1,19,1.3106203079223633,1.6640762090682983
84,1,20,1.1188122034072876,1.3281290531158447
85,1,21,1.2130029201507568,1.5806251764297485
86,1,22,1.1490113735198975,1.3912672996520996
87,1,23,1.0275044441223145,1.306734561920166
88,1,24,1.0340832471847534,1.1958659887313843
89,1,25,1.1381733417510986,1.324587106704712
90,1,26,0.8513492345809937,0.9893369674682617
91,1,27,1.3591253757476807,1.6098535060882568
92,1,28,1.1140679121017456,1.18329656124115
93,1,29,1.1567548513412476,1.4894665479660034
94,1,30,1.1618045568466187,1.7025526762008667
95,1,31,1.1348161697387695,1.2424315214157104
96,1,32,1.0583298206329346,1.3980239629745483
97,1,33,1.13462495803833,1.5612235069274902
98,1,34,0.9372886419296265,1.1859012842178345
99,1,35,1.3406150341033936,1.2961212396621704
100,1,36,1.312116026878357,1.868789792060852
101,1,37,1.5886633396148682,1.607128381729126
102,1,38,1.3179214000701904,1.8363416194915771
103,1,39,1.3719476461410522,1.859661340713501
104,1,40,1.3803436756134033,1.1525856256484985
105,1,41,1.5243674516677856,1.8791306018829346
106,1,42,1.2758376598358154,0.9138108491897583
107,1,43,1.3913182020187378,1.7262532711029053
108,1,44,1.533769130706787,1.4138208627700806
109,1,45,1.6426215171813965,1.7191029787063599
110,1,46,1.3798835277557373,0.9760301113128662
111,1,47,1.4029871225357056,1.3902130126953125
112,1,48,1.4510053396224976,1.8008954524993896
113,1,49,1.42559015750885,1.7733837366104126
114,1,50,1.5403780937194824,1.6497528553009033
115,1,51,1.3819059133529663,1.9075019359588623
116,1,52,1.4651201963424683,1.7081267833709717
117,1,53,1.6371454000473022,1.5702908039093018
118,1,54,1.881993293762207,1.8255772590637207
119,1,55,1.948076844215393,1.7760422229766846
120,1,56,1.9306329488754272,1.9742587804794312
121,1,57,1.6319464445114136,1.7927600145339966
122,1,58,1.8947434425354004,1.9272371530532837
123,1,59,1.6489931344985962,1.9783436059951782
124,1,60,1.5737285614013672,1.8485866785049438
125,1,61,1.8085503578186035,0.5914711952209473
126,1,62,1.7648319005966187,1.6183998584747314
127,1,63,1.7733516693115234,1.9102421998977661
128,2,0,1.608507513999939,0.9746119379997253
129,2,1,1.413732647895813,0.45120003819465637
130,2,2,1.775189995765686,1.9279009103775024
131,2,3,1.6908854246139526,1.8262317180633545
132,2,4,1.6031404733657837,1.7076414823532104
133,2,5,1.398110270500183,1.6750311851501465
134,2,6,1.4323838949203491,1.4250562191009521
135,2,7,1.5622886419296265,1.559179663658142
136,2,8,1.3070427179336548,1.5661143064498901
137,2,9,1.1318780183792114,1.1292181015014648
138,2,10,1.1379019021987915,1.2413513660430908
139,2,11,1.2328476905822754,1.8041198253631592
140,2,12,0.976718544960022,1.8691315650939941
141,2,13,1.328447937965393,1.4809093475341797
142,2,14,1.2596012353897095,1.762878656387329
143,2,15,1.1190851926803589,1.8111591339111328
144,2,16,1.2415586709976196,1.6999952793121338
145,2,17,1.1446324586868286,1.6302006244659424
146,2,18,1.3708750009536743,1.5228575468063354
147,2,19,1.295598030090332,1.6479631662368774
148,2,20,1.1187012195587158,1.330945372581482
149,2,21,1.2090469598770142,1.563835859298706
150,2,22,1.1502161026000977,1.3876169919967651
151,2,23,1.0210657119750977,1.299894094467163
152,2,24,1.0297398567199707,1.1893842220306396
153,2,25,1.142295479774475,1.3174775838851929
154,2,26,0.8799481987953186,1.009197473526001
155,2,27,1.3383591175079346,1.6059852838516235
156,2,28,1.1101781129837036,1.1843550205230713
157,2,29,1.171602487564087,1.475464105606079
158,2,30,1.1550712585449219,1.6823170185089111
159,2,31,1.136035680770874,1.2417943477630615
160,2,32,1.063655138015747,1.402233600616455
161,2,33,1.1375583410263062,1.55160391330719
162,2,34,0.9425097107887268,1.2143148183822632
163,2,35,1.305572748184204,1.3050156831741333
164,2,36,1.3028323650360107,1.8571608066558838
165,2,37,1.5657165050506592,1.6085178852081299
166,2,38,1.3266944885253906,1.82972252368927
167,2,39,1.3749945163726807,1.8478082418441772
168,2,40,1.3649632930755615,1.196137547492981
169,2,41,1.4936898946762085,1.8700486421585083
170,2,42,1.268835425376892,0.9302469491958618
171,2,43,1.376991629600525,1.7228775024414062
172,2,44,1.5067200660705566,1.4402421712875366
173,2,45,1.6410099267959595,1.7283313274383545
174,2,46,1.382185697555542,0.9764145612716675
175,2,47,1.3607302904129028,1.3802343606948853
176,2,48,1.4550268650054932,1.8097436428070068
177,2,49,1.422154426574707,1.7699271440505981
178,2,50,1.5177079439163208,1.6362545490264893
179,2,51,1.3726143836975098,1.9066885709762573
180,2,52,1.4459282159805298,1.6871930360794067
181,2,53,1.636550784111023,1.5906579494476318
182,2,54,1.8786121606826782,1.8290883302688599
183,2,55,1.9480465650558472,1.7948013544082642
184,2,56,1.928562879562378,1.9727146625518799
185,2,57,1.6231809854507446,1.7991063594818115
186,2,58,1.9002653360366821,1.9283161163330078
187,2,59,1.6651495695114136,1.9775516986846924
188,2,60,1.5556780099868774,1.8429546356201172
189,2,61,1.8124504089355469,0.6789039373397827
190,2,62,1.748348593711853,1.626325011253357
191,2,63,1.7574379444122314,1.9058469533920288
192,3,0,1.583411455154419,1.0177098512649536
193,3,1,1.4040695428848267,0.47778403759002686
194,3,2,1.750787615776062,1.9234071969985962
195,3,3,1.6832438707351685,1.8284610509872437
196,3,4,1.5869081020355225,1.7114697694778442
197,3,5,1.355930209159851,1.673789143562317
198,3,6,1.4284820556640625,1.4249621629714966
199,3,7,1.518541932106018,1.579567551612854
200,3,8,1.2831108570098877,1.5642344951629639
201,3,9,1.1377089023590088,1.1548426151275635
202,3,10,1.1467686891555786,1.2731276750564575
203,3,11,1.1939316987991333,1.7925256490707397
204,3,12,0.9925739765167236,1.8629329204559326
205,3,13,1.3558062314987183,1.513476014137268
206,3,14,1.2433780431747437,1.754562258720398
207,3,15,1.1054545640945435,1.7991857528686523
208,3,16,1.2362034320831299,1.6954807043075562
209,3,17,1.1392898559570312,1.6098958253860474
210,3,18,1.3616907596588135,1.5097479820251465
211,3,19,1.2731212377548218,1.6343053579330444
212,3,20,1.12288498878479,1.3356705904006958
213,3,21,1.1975644826889038,1.551246166229248
214,3,22,1.1475728750228882,1.3867809772491455
215,3,23,1.0241663455963135,1.2979224920272827
216,3,24,1.0384267568588257,1.1832994222640991
217,3,25,1.140184760093689,1.3123984336853027
218,3,26,0.9059680104255676,1.0248745679855347
219,3,27,1.3174647092819214,1.6023108959197998
220,3,28,1.1149463653564453,1.1903693675994873
221,3,29,1.1829317808151245,1.4634310007095337
222,3,30,1.1486543416976929,1.6627365350723267
223,3,31,1.1393107175827026,1.2472901344299316
224,3,32,1.068496823310852,1.4082653522491455
225,3,33,1.1358085870742798,1.5457520484924316
226,3,34,0.9447294473648071,1.246881365776062
227,3,35,1.2599248886108398,1.312739610671997
228,3,36,1.2872551679611206,1.8486968278884888
229,3,37,1.530552625656128,1.6172102689743042
230,3,38,1.3226171731948853,1.8222851753234863
231,3,39,1.3779832124710083,1.8379952907562256
232,3,40,1.3522635698318481,1.2366725206375122
233,3,41,1.4669314622879028,1.8627090454101562
234,3,42,1.2644227743148804,0.9524121284484863
235,3,43,1.3702092170715332,1.725111484527588
236,3,44,1.488650918006897,1.4708055257797241
237,3,45,1.640721321105957,1.7386558055877686
238,3,46,1.3947943449020386,0.9750252366065979
239,3,47,1.3336693048477173,1.3860750198364258
240,3,48,1.4631328582763672,1.8175004720687866
241,3,49,1.412017822265625,1.7645273208618164
242,3,50,1.5069857835769653,1.6380325555801392
243,3,51,1.3622236251831055,1.9075638055801392
244,3,52,1.443574070930481,1.6697620153427124
245,3,53,1.631246566772461,1.6196249723434448
246,3,54,1.8763526678085327,1.8346811532974243
247,3,55,1.95089852809906,1.8177003860473633
248,3,56,1.9298570156097412,1.9718071222305298
249,3,57,1.6027904748916626,1.8059605360031128
250,3,58,1.9063962697982788,1.931665062904358
251,3,59,1.680787205696106,1.9780361652374268
252,3,60,1.5357671976089478,1.8391133546829224
253,3,61,1.8159432411193848,0.7810971140861511
254,3,62,1.728988528251648,1.6373564004898071
255,3,63,1.7352207899093628,1.9018720388412476
256,4,0,1.5602036714553833,1.0975971221923828
257,4,1,1.387861967086792,0.522632896900177
258,4,2,1.7483916282653809,1.9240914583206177
259,4,3,1.705005407333374,1.8409186601638794
260,4,4,1.5833595991134644,1.7330764532089233
261,4,5,1.3140251636505127,1.6952857971191406
262,4,6,1.4209749698638916,1.4395335912704468
263,4,7,1.4899506568908691,1.6157476902008057
264,4,8,1.259116291999817,1.5860592126846313
265,4,9,1.1372871398925781,1.2097419500350952
266,4,10,1.162692666053772,1.3293386697769165
267,4,11,1.1592717170715332,1.789588212966919
268,4,12,0.9998651742935181,1.863791584968567
269,4,13,1.3722622394561768,1.5565727949142456
270,4,14,1.2243529558181763,1.753426432609558
271,4,15,1.0910866260528564,1.7934266328811646
272,4,16,1.2294058799743652,1.699731707572937
273,4,17,1.1396368741989136,1.5942459106445312
274,4,18,1.3656424283981323,1.5028259754180908
275,4,19,1.2578186988830566,1.6298680305480957
276,4,20,1.1368728876113892,1.3494418859481812
277,4,21,1.1897965669631958,1.548170566558838
278,4,22,1.1568230390548706,1.393203854560852
279,4,23,1.025733470916748,1.3043099641799927
280,4,24,1.04839289188385,1.1817985773086548
281,4,25,1.1416040658950806,1.313446044921875
282,4,26,0.9349560737609863,1.0402240753173828
283,4,27,1.300327181816101,1.6089792251586914
284,4,28,1.1204692125320435,1.2025564908981323
285,4,29,1.2016472816467285,1.4578957557678223
286,4,30,1.1427292823791504,1.6498006582260132
287,4,31,1.1398842334747314,1.2610284090042114
288,4,32,1.075060486793518,1.4247702360153198
289,4,33,1.1281898021697998,1.5472160577774048
290,4,34,0.9498418569564819,1.294249415397644
291,4,35,1.2166221141815186,1.3350988626480103
292,4,36,1.2728493213653564,1.845956563949585
293,4,37,1.4841111898422241,1.6346455812454224
294,4,38,1.3154405355453491,1.8229446411132812
295,4,39,1.3757531642913818,1.8334310054779053
296,4,40,1.332218050956726,1.2893327474594116
297,4,41,1.4475418329238892,1.8610804080963135
298,4,42,1.279754400253296,0.9777547717094421
299,4,43,1.3648899793624878,1.7367618083953857
300,4,44,1.479904294013977,1.5108600854873657
301,4,45,1.6425813436508179,1.7646406888961792
302,4,46,1.403151512145996,0.9927520751953125
303,4,47,1.3048969507217407,1.4026943445205688
304,4,48,1.4722415208816528,1.8353326320648193
305,4,49,1.4375896453857422,1.777824878692627
306,4,50,1.4954670667648315,1.6522446870803833
307,4,51,1.3800110816955566,1.9162896871566772
308,4,52,1.4189629554748535,1.6736410856246948
309,4,53,1.6227134466171265,1.6616538763046265
310,4,54,1.8753089904785156,1.8553186655044556
311,4,55,1.9545820951461792,1.8548558950424194
312,4,56,1.9371631145477295,1.9735544919967651
313,4,57,1.6156574487686157,1.82815420627594
314,4,58,1.9219614267349243,1.9435063600540161
315,4,59,1.726330280303955,1.981347918510437
316,4,60,1.5312718152999878,1.852831244468689
317,4,61,1.8354297876358032,0.8953949809074402
318,4,62,1.7317637205123901,1.67234206199646
319,4,63,1.7093067169189453,1.9022444486618042
320,5,0,1.5545672178268433,1.1617600917816162
321,5,1,1.3984630107879639,0.560329020023346
322,5,2,1.7393250465393066,1.9290978908538818
323,5,3,1.7219892740249634,1.857122778892517
324,5,4,1.5766085386276245,1.7519590854644775
325,5,5,1.2634998559951782,1.7109867334365845
326,5,6,1.4215235710144043,1.4613667726516724
327,5,7,1.4800792932510376,1.65006422996521
328,5,8,1.229232668876648,1.5955170392990112
329,5,9,1.1605198383331299,1.2579582929611206
330,5,10,1.1736520528793335,1.3644596338272095
331,5,11,1.1235674619674683,1.7866950035095215
332,5,12,1.0084832906723022,1.8661445379257202
333,5,13,1.3824397325515747,1.5950007438659668
334,5,14,1.2093019485473633,1.7520681619644165
335,5,15,1.0853023529052734,1.7888102531433105
336,5,16,1.218316912651062,1.7009989023208618
337,5,17,1.1346253156661987,1.5785099267959595
338,5,18,1.3633967638015747,1.496688723564148
339,5,19,1.2501651048660278,1.6271202564239502
340,5,20,1.1516289710998535,1.3646044731140137
341,5,21,1.1758602857589722,1.5460118055343628
342,5,22,1.1599998474121094,1.4010117053985596
343,5,23,1.032485008239746,1.311767816543579
344,5,24,1.0597399473190308,1.1814097166061401
345,5,25,1.1429897546768188,1.3154759407043457
346,5,26,0.9531090259552002,1.0561317205429077
347,5,27,1.2860028743743896,1.6119111776351929
348,5,28,1.1074961423873901,1.214713215827942
349,5,29,1.2148785591125488,1.4538105726242065
350,5,30,1.1409060955047607,1.6366426944732666
351,5,31,1.1427534818649292,1.277065396308899
352,5,32,1.0849294662475586,1.4428369998931885
353,5,33,1.1169297695159912,1.5547770261764526
354,5,34,0.9541128873825073,1.3437385559082031
355,5,35,1.1741480827331543,1.355198860168457
356,5,36,1.2568252086639404,1.842452883720398
357,5,37,1.4318549633026123,1.6581062078475952
358,5,38,1.3067758083343506,1.8269516229629517
359,5,39,1.3741947412490845,1.8283886909484863
360,5,40,1.3073185682296753,1.3419922590255737
361,5,41,1.4229822158813477,1.8579660654067993
362,5,42,1.2706644535064697,1.0131454467773438
363,5,43,1.35245680809021,1.7544562816619873
364,5,44,1.4650124311447144,1.5720783472061157
365,5,45,1.6419397592544556,1.7814748287200928
366,5,46,1.4408304691314697,1.0006145238876343
367,5,47,1.2876365184783936,1.447676420211792
368,5,48,1.4867037534713745,1.854270339012146
369,5,49,1.434597373008728,1.783614993095398
370,5,50,1.4902496337890625,1.6815141439437866
371,5,51,1.3674726486206055,1.9217230081558228
372,5,52,1.4217034578323364,1.6689982414245605
373,5,53,1.6054675579071045,1.6968721151351929
374,5,54,1.8736637830734253,1.8685438632965088
375,5,55,1.95912504196167,1.8793288469314575
376,5,56,1.9413906335830688,1.974971890449524
377,5,57,1.6123994588851929,1.834315299987793
378,5,58,1.927844762802124,1.9511281251907349
379,5,59,1.7347687482833862,1.9828417301177979
380,5,60,1.511773705482483,1.8584675788879395
381,5,61,1.8431490659713745,1.0513606071472168
382,5,62,1.7154600620269775,1.7056645154953003
383,5,63,1.679728388786316,1.903177261352539
384,6,0,1.5562559366226196,1.2473576068878174
385,6,1,1.4051629304885864,0.6032383441925049
386,6,2,1.7368478775024414,1.9350861310958862
387,6,3,1.7424519062042236,1.876081109046936
388,6,4,1.5755351781845093,1.7757290601730347
389,6,5,1.217111587524414,1.7374900579452515
390,6,6,1.4191175699234009,1.4819468259811401
391,6,7,1.4716781377792358,1.6853333711624146
392,6,8,1.2067692279815674,1.6167051792144775
393,6,9,1.175702691078186,1.3117581605911255
394,6,10,1.182273507118225,1.4059042930603027
395,6,11,1.0874439477920532,1.788088321685791
396,6,12,1.0167711973190308,1.8725336790084839
397,6,13,1.3895671367645264,1.6344486474990845
398,6,14,1.191074013710022,1.754889726638794
399,6,15,1.0761990547180176,1.788846731185913
400,6,16,1.2093993425369263,1.707547903060913
401,6,17,1.1302762031555176,1.566999912261963
402,6,18,1.370656967163086,1.4950810670852661
403,6,19,1.238794207572937,1.631287693977356
404,6,20,1.1686404943466187,1.3849745988845825
405,6,21,1.1623804569244385,1.551099419593811
406,6,22,1.166110873222351,1.4145649671554565
407,6,23,1.0389353036880493,1.3255913257598877
408,6,24,1.065793752670288,1.1819994449615479
409,6,25,1.1480064392089844,1.320723056793213
410,6,26,0.9718958735466003,1.0726555585861206
411,6,27,1.271877646446228,1.6204798221588135
412,6,28,1.1009533405303955,1.2349387407302856
413,6,29,1.2295377254486084,1.4541634321212769
414,6,30,1.1358650922775269,1.627465009689331
415,6,31,1.1404533386230469,1.2974674701690674
416,6,32,1.0911921262741089,1.4666941165924072
417,6,33,1.109804391860962,1.5662965774536133
418,6,34,0.9602157473564148,1.3976970911026
419,6,35,1.1360315084457397,1.3854665756225586
420,6,36,1.2431799173355103,1.8430818319320679
421,6,37,1.381857991218567,1.6842734813690186
422,6,38,1.302519679069519,1.8350591659545898
423,6,39,1.3699495792388916,1.8267979621887207
424,6,40,1.2847681045532227,1.390157699584961
425,6,41,1.3979657888412476,1.858034610748291
426,6,42,1.275184154510498,1.053645372390747
427,6,43,1.343368411064148,1.7705649137496948
428,6,44,1.4555549621582031,1.6258338689804077
429,6,45,1.6435531377792358,1.8015263080596924
430,6,46,1.4693477153778076,1.0193153619766235
431,6,47,1.2704726457595825,1.4911106824874878
432,6,48,1.5053054094314575,1.875069260597229
433,6,49,1.4400594234466553,1.7920366525650024
434,6,50,1.4891754388809204,1.7142844200134277
435,6,51,1.356797695159912,1.929223656654358
436,6,52,1.4234070777893066,1.6761187314987183
437,6,53,1.5928910970687866,1.7347058057785034
438,6,54,1.8735560178756714,1.883799433708191
439,6,55,1.9638971090316772,1.9044017791748047
440,6,56,1.94761323928833,1.9774821996688843
441,6,57,1.6123933792114258,1.8454862833023071
442,6,58,1.9358283281326294,1.9601470232009888
443,6,59,1.7524125576019287,1.9854780435562134
444,6,60,1.4924474954605103,1.8678983449935913
445,6,61,1.8529103994369507,1.2080003023147583
446,6,62,1.704192876815796,1.7437925338745117
447,6,63,1.6453495025634766,1.904750943183899
448,7,0,1.5542023181915283,1.3288477659225464
449,7,1,1.4047199487686157,0.6493251323699951
450,7,2,1.7418785095214844,1.9397246837615967
451,7,3,1.766525149345398,1.890838384628296
452,7,4,1.574832797050476,1.7999207973480225
453,7,5,1.17824125289917,1.7642326354980469
454,7,6,1.410768747329712,1.5032402276992798
455,7,7,1.4618829488754272,1.716572642326355
456,7,8,1.1891474723815918,1.6405633687973022
457,7,9,1.1871482133865356,1.3662370443344116
458,7,10,1.192910075187683,1.4472891092300415
459,7,11,1.0576157569885254,1.7900314331054688
460,7,12,1.0191541910171509,1.878642201423645
461,7,13,1.393973469734192,1.6703650951385498
462,7,14,1.1743940114974976,1.757760763168335
463,7,15,1.0709800720214844,1.7886463403701782
464,7,16,1.1950712203979492,1.713128685951233
465,7,17,1.1280454397201538,1.5559117794036865
466,7,18,1.3799508810043335,1.4941340684890747
467,7,19,1.2317497730255127,1.6367580890655518
468,7,20,1.1819672584533691,1.4047657251358032
469,7,21,1.1503610610961914,1.5567970275878906
470,7,22,1.1727945804595947,1.429297924041748
471,7,23,1.0472455024719238,1.339066982269287
472,7,24,1.0711702108383179,1.1814944744110107
473,7,25,1.1483522653579712,1.3274644613265991
474,7,26,0.9925796389579773,1.089777946472168
475,7,27,1.2583227157592773,1.6292335987091064
476,7,28,1.0977188348770142,1.2562074661254883
477,7,29,1.2447230815887451,1.4550949335098267
478,7,30,1.1316108703613281,1.6184430122375488
479,7,31,1.1372305154800415,1.318629503250122
480,7,32,1.0968174934387207,1.489338994026184
481,7,33,1.0987951755523682,1.5771714448928833
482,7,34,0.9640218615531921,1.4479483366012573
483,7,35,1.1032631397247314,1.4163066148757935
484,7,36,1.2305872440338135,1.8438467979431152
485,7,37,1.3273591995239258,1.705234169960022
486,7,38,1.3016510009765625,1.8431923389434814
487,7,39,1.3667120933532715,1.8256170749664307
488,7,40,1.261888027191162,1.4308284521102905
489,7,41,1.370404601097107,1.8579403162002563
490,7,42,1.2827643156051636,1.0846047401428223
491,7,43,1.3357030153274536,1.7830426692962646
492,7,44,1.4387527704238892,1.6675820350646973
493,7,45,1.644282341003418,1.8211992979049683
494,7,46,1.4927231073379517,1.0328010320663452
495,7,47,1.2501813173294067,1.5162856578826904
496,7,48,1.5213154554367065,1.8931375741958618
497,7,49,1.4598021507263184,1.797874093055725
498,7,50,1.474068284034729,1.7326992750167847
499,7,51,1.3561867475509644,1.9360697269439697
500,7,52,1.4062864780426025,1.6855467557907104
501,7,53,1.571447491645813,1.7639188766479492
502,7,54,1.871245265007019,1.8958709239959717
503,7,55,1.9672834873199463,1.9236652851104736
504,7,56,1.9526309967041016,1.9793974161148071
505,7,57,1.628198266029358,1.8558645248413086
506,7,58,1.9442392587661743,1.9675308465957642
507,7,59,1.773417353630066,1.9876388311386108
508,7,60,1.4813835620880127,1.8816782236099243
509,7,61,1.8685073852539062,1.3394215106964111
510,7,62,1.7003849744796753,1.7756733894348145
511,7,63,1.6074284315109253,1.9070665836334229
512,8,0,1.559088110923767,1.424607276916504
513,8,1,1.4214764833450317,0.7089793086051941
514,8,2,1.7375611066818237,1.9464671611785889
515,8,3,1.7831650972366333,1.9076056480407715
516,8,4,1.5687580108642578,1.8235434293746948
517,8,5,1.133286952972412,1.792574405670166
518,8,6,1.4036297798156738,1.5246920585632324
519,8,7,1.4525916576385498,1.7479017972946167
520,8,8,1.1670981645584106,1.6645320653915405
521,8,9,1.2034138441085815,1.4176311492919922
522,8,10,1.202858328819275,1.4915281534194946
523,8,11,1.0219957828521729,1.7934004068374634
524,8,12,1.0240980386734009,1.8864638805389404
525,8,13,1.3935967683792114,1.7077710628509521
526,8,14,1.1531985998153687,1.7624012231826782
527,8,15,1.0671623945236206,1.7901688814163208
528,8,16,1.1811739206314087,1.721846342086792
529,8,17,1.1226779222488403,1.546762228012085
530,8,18,1.391219139099121,1.4957308769226074
531,8,19,1.2201409339904785,1.6466295719146729
532,8,20,1.1976001262664795,1.4275035858154297
533,8,21,1.1317620277404785,1.5674453973770142
534,8,22,1.182349681854248,1.4476592540740967
535,8,23,1.0586203336715698,1.3586345911026
536,8,24,1.0767817497253418,1.1806919574737549
537,8,25,1.1481566429138184,1.3362778425216675
538,8,26,1.0105340480804443,1.1070808172225952
539,8,27,1.24593985080719,1.6406468152999878
540,8,28,1.0931466817855835,1.2826929092407227
541,8,29,1.2537074089050293,1.457963466644287
542,8,30,1.123530387878418,1.6101906299591064
543,8,31,1.13010573387146,1.343350887298584
544,8,32,1.1050246953964233,1.5161784887313843
545,8,33,1.0872271060943604,1.5914404392242432
546,8,34,0.9663516879081726,1.500500202178955
547,8,35,1.0657352209091187,1.4534529447555542
548,8,36,1.2189288139343262,1.8465955257415771
549,8,37,1.2652064561843872,1.7296968698501587
550,8,38,1.2977354526519775,1.8547214269638062
551,8,39,1.357372522354126,1.8253709077835083
552,8,40,1.2382001876831055,1.4736692905426025
553,8,41,1.3382635116577148,1.8589167594909668
554,8,42,1.2877744436264038,1.1354870796203613
555,8,43,1.3288815021514893,1.7983859777450562
556,8,44,1.4270516633987427,1.715727686882019
557,8,45,1.6449313163757324,1.8423131704330444
558,8,46,1.5240347385406494,1.058129072189331
559,8,47,1.2353256940841675,1.5637210607528687
560,8,48,1.5392612218856812,1.9095652103424072
561,8,49,1.449599266052246,1.8040006160736084
562,8,50,1.4690083265304565,1.7653508186340332
563,8,51,1.3323283195495605,1.943347454071045
564,8,52,1.424504280090332,1.6963731050491333
565,8,53,1.5511678457260132,1.794297695159912
566,8,54,1.8719719648361206,1.9092179536819458
567,8,55,1.971531629562378,1.940450668334961
568,8,56,1.958719253540039,1.9818705320358276
569,8,57,1.6150174140930176,1.8644474744796753
570,8,58,1.9504426717758179,1.9743720293045044
571,8,59,1.7911990880966187,1.9898035526275635
572,8,60,1.4560185670852661,1.889908790588379
573,8,61,1.8735383749008179,1.4875174760818481
574,8,62,1.6791367530822754,1.8070945739746094
575,8,63,1.5695441961288452,1.9096896648406982
576,9,0,1.5577751398086548,1.5004069805145264
577,9,1,1.4158127307891846,0.765893816947937
578,9,2,1.755017876625061,1.950762391090393
579,9,3,1.8108943700790405,1.921404242515564
580,9,4,1.5757066011428833,1.848008155822754
581,9,5,1.1026793718338013,1.8215641975402832
582,9,6,1.3957144021987915,1.5492924451828003
583,9,7,1.4479426145553589,1.7792489528656006
584,9,8,1.1586629152297974,1.6977715492248535
585,9,9,1.2150474786758423,1.4739235639572144
586,9,10,1.2128280401229858,1.534600853919983
587,9,11,0.9918805956840515,1.7994449138641357
588,9,12,1.0210639238357544,1.894508719444275
589,9,13,1.3901689052581787,1.7413747310638428
590,9,14,1.1362742185592651,1.7695560455322266
591,9,15,1.0651353597640991,1.7930128574371338
592,9,16,1.1662583351135254,1.7313898801803589
593,9,17,1.1258628368377686,1.540367603302002
594,9,18,1.4056544303894043,1.4996169805526733
595,9,19,1.2127925157546997,1.6597422361373901
596,9,20,1.209716558456421,1.4510210752487183
597,9,21,1.1174278259277344,1.5813267230987549
598,9,22,1.1869903802871704,1.4680137634277344
599,9,23,1.0657837390899658,1.3789923191070557
600,9,24,1.0808218717575073,1.1798540353775024
601,9,25,1.1481187343597412,1.3468308448791504
602,9,26,1.0279663801193237,1.127346158027649
603,9,27,1.237511396408081,1.653084397315979
604,9,28,1.0895389318466187,1.311318039894104
605,9,29,1.2690401077270508,1.4620649814605713
606,9,30,1.1209925413131714,1.6043380498886108
607,9,31,1.1248308420181274,1.3716830015182495
608,9,32,1.1093367338180542,1.5439872741699219
609,9,33,1.0712965726852417,1.604880452156067
610,9,34,0.9682979583740234,1.5497617721557617
611,9,35,1.0333718061447144,1.4910067319869995
612,9,36,1.2114384174346924,1.8502107858657837
613,9,37,1.2030479907989502,1.749613881111145
614,9,38,1.2993804216384888,1.8661489486694336
615,9,39,1.3574963808059692,1.8253118991851807
616,9,40,1.2127110958099365,1.5081093311309814
617,9,41,1.3147938251495361,1.8610678911209106
618,9,42,1.3063170909881592,1.1575918197631836
619,9,43,1.3221322298049927,1.807745099067688
620,9,44,1.4157263040542603,1.7473596334457397
621,9,45,1.6491857767105103,1.8638402223587036
622,9,46,1.5332330465316772,1.0855962038040161
623,9,47,1.2202709913253784,1.576341152191162
624,9,48,1.5532523393630981,1.9242987632751465
625,9,49,1.489389181137085,1.8157202005386353
626,9,50,1.4489740133285522,1.7777079343795776
627,9,51,1.3435860872268677,1.9510226249694824
628,9,52,1.384558916091919,1.7129144668579102
629,9,53,1.5320998430252075,1.8186439275741577
630,9,54,1.8690942525863647,1.9214166402816772
631,9,55,1.973305344581604,1.9550317525863647
632,9,56,1.9632164239883423,1.9840513467788696
633,9,57,1.6446706056594849,1.8798439502716064
634,9,58,1.9591522216796875,1.9804741144180298
635,9,59,1.8207958936691284,1.9919109344482422
636,9,60,1.458379864692688,1.9053187370300293
637,9,61,1.8892720937728882,1.5689059495925903
638,9,62,1.6876188516616821,1.8329592943191528
639,9,63,1.5307540893554688,1.9119096994400024
640,10,0,1.5598702430725098,1.5799329280853271
641,10,1,1.4382044076919556,0.827301561832428
642,10,2,1.742601990699768,1.9556549787521362
643,10,3,1.8187452554702759,1.9328910112380981
644,10,4,1.565693974494934,1.8663477897644043
645,10,5,1.054764986038208,1.8441743850708008
646,10,6,1.3866475820541382,1.5752720832824707
647,10,7,1.4380600452423096,1.801964521408081
648,10,8,1.1283291578292847,1.7158827781677246
649,10,9,1.2222727537155151,1.5180073976516724
650,10,10,1.2222404479980469,1.574869155883789
651,10,11,0.9565134644508362,1.8019542694091797
652,10,12,1.0224961042404175,1.9014114141464233
653,10,13,1.3914715051651,1.7721837759017944
654,10,14,1.1182798147201538,1.7740126848220825
655,10,15,1.058895468711853,1.7939205169677734
656,10,16,1.1529675722122192,1.739534616470337
657,10,17,1.1276894807815552,1.5330524444580078
658,10,18,1.418529987335205,1.5024144649505615
659,10,19,1.2052661180496216,1.672167181968689
660,10,20,1.2266868352890015,1.4728862047195435
661,10,21,1.1036731004714966,1.5942652225494385
662,10,22,1.1930769681930542,1.488144040107727
663,10,23,1.0741688013076782,1.399875283241272
664,10,24,1.0863370895385742,1.1786044836044312
665,10,25,1.1459598541259766,1.3559826612472534
666,10,26,1.042629361152649,1.1464662551879883
667,10,27,1.2272132635116577,1.6640801429748535
668,10,28,1.086353063583374,1.3394756317138672
669,10,29,1.276738166809082,1.4654083251953125
670,10,30,1.1126610040664673,1.5972193479537964
671,10,31,1.1174403429031372,1.3981480598449707
672,10,32,1.1129908561706543,1.5694118738174438
673,10,33,1.0588374137878418,1.6181931495666504
674,10,34,0.9718685746192932,1.5935649871826172
675,10,35,0.9975630044937134,1.5249416828155518
676,10,36,1.1933308839797974,1.8526511192321777
677,10,37,1.1455212831497192,1.7699369192123413
678,10,38,1.2919334173202515,1.8771247863769531
679,10,39,1.3435896635055542,1.8240333795547485
680,10,40,1.190690040588379,1.5457168817520142
681,10,41,1.2807283401489258,1.8611198663711548
682,10,42,1.303857684135437,1.2154368162155151
683,10,43,1.3138542175292969,1.8222379684448242
684,10,44,1.4032243490219116,1.7839295864105225
685,10,45,1.6451033353805542,1.8809796571731567
686,10,46,1.5681509971618652,1.1074618101119995
687,10,47,1.202030897140503,1.6224788427352905
688,10,48,1.5687649250030518,1.9359934329986572
689,10,49,1.4661777019500732,1.8236585855484009
690,10,50,1.4427168369293213,1.8081388473510742
691,10,51,1.3167558908462524,1.957126259803772
692,10,52,1.414252758026123,1.7215936183929443
693,10,53,1.5061458349227905,1.8405474424362183
694,10,54,1.869506597518921,1.931698203086853
695,10,55,1.9768588542938232,1.9640884399414062
696,10,56,1.9677823781967163,1.985955834388733
697,10,57,1.6181482076644897,1.8844451904296875
698,10,58,1.9642359018325806,1.9845646619796753
699,10,59,1.833919644355774,1.9931868314743042
700,10,60,1.4322150945663452,1.9105602502822876
701,10,61,1.8907485008239746,1.671044111251831
702,10,62,1.6587594747543335,1.8562572002410889
703,10,63,1.5035524368286133,1.9148370027542114
704,11,0,1.5633209943771362,1.6489654779434204
705,11,1,1.458202600479126,0.89899080991745
706,11,2,1.7453123331069946,1.9614205360412598
707,11,3,1.8351937532424927,1.9447203874588013
708,11,4,1.5630431175231934,1.8860020637512207
709,11,5,1.0154430866241455,1.867509126663208
710,11,6,1.3787895441055298,1.6033252477645874
711,11,7,1.4332431554794312,1.8284733295440674
712,11,8,1.1100283861160278,1.7409363985061646
713,11,9,1.2382358312606812,1.5651733875274658
714,11,10,1.2348445653915405,1.6169596910476685
715,11,11,0.9224770665168762,1.8080884218215942
716,11,12,1.0219756364822388,1.9094704389572144
717,11,13,1.3872469663619995,1.80253005027771
718,11,14,1.100401759147644,1.7814877033233643
719,11,15,1.0549118518829346,1.7970024347305298
720,11,16,1.140112042427063,1.7511757612228394
721,11,17,1.1313928365707397,1.5286952257156372
722,11,18,1.4314827919006348,1.5085574388504028
723,11,19,1.1996262073516846,1.6884311437606812
724,11,20,1.2427901029586792,1.4973373413085938
725,11,21,1.0883055925369263,1.6112096309661865
726,11,22,1.2012113332748413,1.511075496673584
727,11,23,1.0837938785552979,1.4244033098220825
728,11,24,1.0921752452850342,1.1769194602966309
729,11,25,1.1433480978012085,1.368045687675476
730,11,26,1.0573372840881348,1.1669538021087646
731,11,27,1.217384696006775,1.6778825521469116
732,11,28,1.0786992311477661,1.3711674213409424
733,11,29,1.2854090929031372,1.4716097116470337
734,11,30,1.1064021587371826,1.5916481018066406
735,11,31,1.1121660470962524,1.427992343902588
736,11,32,1.119877576828003,1.5975133180618286
737,11,33,1.0407086610794067,1.635854721069336
738,11,34,0.9718429446220398,1.6393166780471802
739,11,35,0.9619222283363342,1.5639370679855347
740,11,36,1.184126377105713,1.8567814826965332
741,11,37,1.0785177946090698,1.7921645641326904
742,11,38,1.28925621509552,1.8901677131652832
743,11,39,1.3348363637924194,1.8234270811080933
744,11,40,1.1656584739685059,1.5847742557525635
745,11,41,1.247879147529602,1.863395094871521
746,11,42,1.3072818517684937,1.263041377067566
747,11,43,1.3080862760543823,1.8354315757751465
748,11,44,1.3910170793533325,1.8187886476516724
749,11,45,1.6485819816589355,1.899365782737732
750,11,46,1.593012809753418,1.1423529386520386
751,11,47,1.185760498046875,1.6592148542404175
752,11,48,1.5847605466842651,1.9469959735870361
753,11,49,1.464074969291687,1.8358547687530518
754,11,50,1.4300562143325806,1.8315021991729736
755,11,51,1.2985632419586182,1.9637516736984253
756,11,52,1.4226861000061035,1.7366479635238647
757,11,53,1.4827347993850708,1.8621348142623901
758,11,54,1.8703917264938354,1.9427889585494995
759,11,55,1.9794517755508423,1.972818374633789
760,11,56,1.9722779989242554,1.9880132675170898
761,11,57,1.613760232925415,1.8953663110733032
762,11,58,1.9697209596633911,1.9883520603179932
763,11,59,1.8539564609527588,1.9945403337478638
764,11,60,1.4169201850891113,1.9184744358062744
765,11,61,1.8962546586990356,1.7497020959854126
766,11,62,1.6423392295837402,1.8781397342681885
767,11,63,1.4747636318206787,1.9184831380844116
768,12,0,1.5636703968048096,1.7092126607894897
769,12,1,1.4656363725662231,0.9729507565498352
770,12,2,1.7521406412124634,1.9651963710784912
771,12,3,1.8500475883483887,1.9534049034118652
772,12,4,1.56577467918396,1.9026230573654175
773,12,5,0.9824833869934082,1.888540267944336
774,12,6,1.3631179332733154,1.630406379699707
775,12,7,1.4236130714416504,1.849595069885254
776,12,8,1.090087890625,1.7654615640640259
777,12,9,1.2398076057434082,1.610506296157837
778,12,10,1.2437242269515991,1.6579242944717407
779,12,11,0.8913724422454834,1.8136556148529053
780,12,12,1.0200272798538208,1.9164249897003174
781,12,13,1.3858023881912231,1.82842218875885
782,12,14,1.0819863080978394,1.7886062860488892
783,12,15,1.0524399280548096,1.7997323274612427
784,12,16,1.1282012462615967,1.7627387046813965
785,12,17,1.1333507299423218,1.524357795715332
786,12,18,1.4505354166030884,1.514607310295105
787,12,19,1.1898176670074463,1.7039804458618164
788,12,20,1.2567927837371826,1.5203330516815186
789,12,21,1.0725252628326416,1.6272985935211182
790,12,22,1.2077080011367798,1.5329302549362183
791,12,23,1.0921622514724731,1.4477756023406982
792,12,24,1.0954846143722534,1.1734596490859985
793,12,25,1.1446254253387451,1.379902958869934
794,12,26,1.071921467781067,1.1879925727844238
795,12,27,1.2083947658538818,1.6906325817108154
796,12,28,1.075601577758789,1.4022241830825806
797,12,29,1.2955069541931152,1.4769034385681152
798,12,30,1.1011158227920532,1.587578535079956
799,12,31,1.1035561561584473,1.4569470882415771
800,12,32,1.1225545406341553,1.6235889196395874
801,12,33,1.0268049240112305,1.6495814323425293
802,12,34,0.9720063209533691,1.676160454750061
803,12,35,0.9302170276641846,1.6005644798278809
804,12,36,1.1735435724258423,1.8606257438659668
805,12,37,1.0195409059524536,1.8095825910568237
806,12,38,1.2860033512115479,1.9007227420806885
807,12,39,1.3218258619308472,1.8215408325195312
808,12,40,1.139733910560608,1.6193161010742188
809,12,41,1.2171233892440796,1.865457534790039
810,12,42,1.3161852359771729,1.3030332326889038
811,12,43,1.3008832931518555,1.8451118469238281
812,12,44,1.3820492029190063,1.8419450521469116
813,12,45,1.6472588777542114,1.9147273302078247
814,12,46,1.6077042818069458,1.1809695959091187
815,12,47,1.165560007095337,1.6835682392120361
816,12,48,1.5981487035751343,1.955683708190918
817,12,49,1.4751654863357544,1.8488942384719849
818,12,50,1.4145227670669556,1.8476018905639648
819,12,51,1.293379783630371,1.9693176746368408
820,12,52,1.4143519401550293,1.756250262260437
821,12,53,1.4639413356781006,1.8811901807785034
822,12,54,1.8701884746551514,1.9523100852966309
823,12,55,1.981038212776184,1.9792624711990356
824,12,56,1.975751280784607,1.9896148443222046
825,12,57,1.6163538694381714,1.9057884216308594
826,12,58,1.9751375913619995,1.9912441968917847
827,12,59,1.8744919300079346,1.9956352710723877
828,12,60,1.411911964416504,1.9263877868652344
829,12,61,1.9021319150924683,1.80308198928833
830,12,62,1.6338975429534912,1.8969612121582031
831,12,63,1.4480900764465332,1.9210091829299927
832,13,0,1.563322901725769,1.7557841539382935
833,13,1,1.4786417484283447,1.0460885763168335
834,13,2,1.7598687410354614,1.969273328781128
835,13,3,1.8647409677505493,1.961534023284912
836,13,4,1.567376971244812,1.9173104763031006
837,13,5,0.9438673853874207,1.9057949781417847
838,13,6,1.35334312915802,1.6613315343856812
839,13,7,1.4184616804122925,1.8703601360321045
840,13,8,1.0685386657714844,1.7875688076019287
841,13,9,1.2492539882659912,1.652765154838562
842,13,10,1.2562135457992554,1.6937705278396606
843,13,11,0.8570820093154907,1.8191684484481812
844,13,12,1.0175036191940308,1.9231548309326172
845,13,13,1.3835349082946777,1.8527430295944214
846,13,14,1.0655415058135986,1.7957439422607422
847,13,15,1.049564003944397,1.8020373582839966
848,13,16,1.115901231765747,1.773789644241333
849,13,17,1.1402536630630493,1.5210247039794922
850,13,18,1.4645788669586182,1.520987868309021
851,13,19,1.1829296350479126,1.720548152923584
852,13,20,1.2734330892562866,1.542872667312622
853,13,21,1.057447075843811,1.6445814371109009
854,13,22,1.2100762128829956,1.5555816888809204
855,13,23,1.0969746112823486,1.4721910953521729
856,13,24,1.0993506908416748,1.1708133220672607
857,13,25,1.1443841457366943,1.3922406435012817
858,13,26,1.0830833911895752,1.2094581127166748
859,13,27,1.1993240118026733,1.7031660079956055
860,13,28,1.0660133361816406,1.4337756633758545
861,13,29,1.303131103515625,1.482905387878418
862,13,30,1.0949441194534302,1.5826536417007446
863,13,31,1.096522569656372,1.4868851900100708
864,13,32,1.1248524188995361,1.6488500833511353
865,13,33,1.0071848630905151,1.6657733917236328
866,13,34,0.9698359966278076,1.7120294570922852
867,13,35,0.894198477268219,1.6349691152572632
868,13,36,1.1631447076797485,1.864121437072754
869,13,37,0.9588909149169922,1.82773756980896
870,13,38,1.2829080820083618,1.9115666151046753
871,13,39,1.3087536096572876,1.8185395002365112
872,13,40,1.1165622472763062,1.654299020767212
873,13,41,1.1856567859649658,1.8676000833511353
874,13,42,1.3171228170394897,1.343787670135498
875,13,43,1.2918626070022583,1.8550808429718018
876,13,44,1.3716949224472046,1.865912675857544
877,13,45,1.6467467546463013,1.9286410808563232
878,13,46,1.625462293624878,1.2222775220870972
879,13,47,1.1477988958358765,1.7091246843338013
880,13,48,1.6097044944763184,1.9630054235458374
881,13,49,1.4846904277801514,1.8634942770004272
882,13,50,1.3997468948364258,1.8632268905639648
883,13,51,1.285305142402649,1.9742650985717773
884,13,52,1.4064706563949585,1.774161458015442
885,13,53,1.4445674419403076,1.8976898193359375
886,13,54,1.8697397708892822,1.9604363441467285
887,13,55,1.9824082851409912,1.984149694442749
888,13,56,1.9787110090255737,1.9911128282546997
889,13,57,1.621474266052246,1.916471004486084
890,13,58,1.979350209236145,1.9933699369430542
891,13,59,1.8905479907989502,1.996451735496521
892,13,60,1.4069935083389282,1.9332716464996338
893,13,61,1.9074945449829102,1.8457210063934326
894,13,62,1.6243457794189453,1.9130361080169678
895,13,63,1.4257811307907104,1.9238002300262451
896,14,0,1.5607497692108154,1.7970963716506958
897,14,1,1.4941006898880005,1.1208388805389404
898,14,2,1.7628244161605835,1.9723697900772095
899,14,3,1.8750064373016357,1.9676176309585571
900,14,4,1.5649573802947998,1.928937554359436
901,14,5,0.9041675329208374,1.9201343059539795
902,14,6,1.3399869203567505,1.688159465789795
903,14,7,1.411147117614746,1.886257290840149
904,14,8,1.0436111688613892,1.8057003021240234
905,14,9,1.2546942234039307,1.6906658411026
906,14,10,1.2647006511688232,1.7268270254135132
907,14,11,0.8247553110122681,1.8236842155456543
908,14,12,1.014851450920105,1.9286895990371704
909,14,13,1.378294825553894,1.872544765472412
910,14,14,1.0426303148269653,1.8007315397262573
911,14,15,1.0447028875350952,1.8030024766921997
912,14,16,1.1044244766235352,1.7850316762924194
913,14,17,1.1474268436431885,1.5170727968215942
914,14,18,1.4798552989959717,1.5275230407714844
915,14,19,1.175449013710022,1.7367761135101318
916,14,20,1.2889313697814941,1.5645637512207031
917,14,21,1.0434772968292236,1.6619787216186523
918,14,22,1.2147812843322754,1.5778262615203857
919,14,23,1.107247233390808,1.496443271636963
920,14,24,1.1047842502593994,1.1673660278320312
921,14,25,1.140938639640808,1.4044623374938965
922,14,26,1.0945273637771606,1.2308709621429443
923,14,27,1.1898058652877808,1.714401364326477
924,14,28,1.060056447982788,1.465014934539795
925,14,29,1.3100125789642334,1.4884306192398071
926,14,30,1.0898699760437012,1.5769723653793335
927,14,31,1.091240644454956,1.515736699104309
928,14,32,1.1304503679275513,1.6727399826049805
929,14,33,0.9900835752487183,1.6794970035552979
930,14,34,0.9706414937973022,1.7440319061279297
931,14,35,0.8594149351119995,1.6662514209747314
932,14,36,1.1501469612121582,1.866939902305603
933,14,37,0.8982937335968018,1.843554139137268
934,14,38,1.2743405103683472,1.920447587966919
935,14,39,1.2903164625167847,1.8128339052200317
936,14,40,1.0897443294525146,1.686732292175293
937,14,41,1.1550812721252441,1.86915123462677
938,14,42,1.3148318529129028,1.389941930770874
939,14,43,1.2816568613052368,1.8636162281036377
940,14,44,1.359286904335022,1.8860492706298828
941,14,45,1.6439257860183716,1.9397143125534058
942,14,46,1.6411077976226807,1.2640392780303955
943,14,47,1.129003643989563,1.736603021621704
944,14,48,1.6192996501922607,1.9686380624771118
945,14,49,1.4836080074310303,1.8756617307662964
946,14,50,1.3855198621749878,1.878523588180542
947,14,51,1.2711029052734375,1.9781256914138794
948,14,52,1.4083701372146606,1.7904789447784424
949,14,53,1.419920563697815,1.9109375476837158
950,14,54,1.8692022562026978,1.9667991399765015
951,14,55,1.9836125373840332,1.9875799417495728
952,14,56,1.9811214208602905,1.992284893989563
953,14,57,1.6161774396896362,1.923865795135498
954,14,58,1.9824833869934082,1.994897723197937
955,14,59,1.903670310974121,1.9970810413360596
956,14,60,1.3964213132858276,1.9379210472106934
957,14,61,1.9097001552581787,1.8798673152923584
958,14,62,1.6093655824661255,1.926208734512329
959,14,63,1.4051800966262817,1.9260928630828857
960,15,0,1.5523173809051514,1.82891845703125
961,15,1,1.4945509433746338,1.2018029689788818
962,15,2,1.7752717733383179,1.974469542503357
963,15,3,1.8879456520080566,1.9719715118408203
964,15,4,1.5665417909622192,1.9389588832855225
965,15,5,0.8770971298217773,1.932364583015442
966,15,6,1.3154997825622559,1.712599754333496
967,15,7,1.402172565460205,1.899994134902954
968,15,8,1.0262938737869263,1.8244191408157349
969,15,9,1.2541934251785278,1.7254477739334106
970,15,10,1.2727620601654053,1.7571402788162231
971,15,11,0.8000799417495728,1.827966570854187
972,15,12,1.008914828300476,1.9332389831542969
973,15,13,1.3732408285140991,1.8889073133468628
974,15,14,1.0239098072052002,1.804789662361145
975,15,15,1.0428762435913086,1.802535057067871
976,15,16,1.0939080715179443,1.7948514223098755
977,15,17,1.156996250152588,1.513153314590454
978,15,18,1.4960638284683228,1.5336979627609253
979,15,19,1.1678284406661987,1.752122163772583
980,15,20,1.3017327785491943,1.5849939584732056
981,15,21,1.0305200815200806,1.6782939434051514
982,15,22,1.2211915254592896,1.5987749099731445
983,15,23,1.112300992012024,1.518445372581482
984,15,24,1.106798529624939,1.1628918647766113
985,15,25,1.1364651918411255,1.4171087741851807
986,15,26,1.10467529296875,1.2515838146209717
987,15,27,1.1810896396636963,1.7251790761947632
988,15,28,1.0531466007232666,1.4949650764465332
989,15,29,1.315323829650879,1.4931561946868896
990,15,30,1.0846463441848755,1.5707324743270874
991,15,31,1.0835325717926025,1.5426316261291504
992,15,32,1.1326583623886108,1.6942957639694214
993,15,33,0.971908450126648,1.6912916898727417
994,15,34,0.9718565344810486,1.7706278562545776
995,15,35,0.829662024974823,1.6955115795135498
996,15,36,1.1431654691696167,1.8687567710876465
997,15,37,0.8439615368843079,1.8561478853225708
998,15,38,1.2708427906036377,1.9281210899353027
999,15,39,1.2750861644744873,1.8049135208129883
1000,15,40,1.061945915222168,1.7119873762130737
1001,15,41,1.1289613246917725,1.8699887990951538
1002,15,42,1.3164219856262207,1.421769618988037
1003,15,43,1.27000093460083,1.8674993515014648
1004,15,44,1.3455325365066528,1.899682879447937
1005,15,45,1.6396650075912476,1.949308156967163
1006,15,46,1.6440073251724243,1.3082154989242554
1007,15,47,1.1097763776779175,1.748821496963501
1008,15,48,1.6247947216033936,1.9730565547943115
1009,15,49,1.5046404600143433,1.8878848552703857
1010,15,50,1.3611559867858887,1.8858381509780884
1011,15,51,1.2754663228988647,1.9814096689224243
1012,15,52,1.3772517442703247,1.8081269264221191
1013,15,53,1.3977481126785278,1.9210190773010254
1014,15,54,1.865426778793335,1.971826434135437
1015,15,55,1.9836915731430054,1.990216851234436
1016,15,56,1.982740879058838,1.9931755065917969
1017,15,57,1.6347763538360596,1.9325895309448242
1018,15,58,1.9853960275650024,1.996052861213684
1019,15,59,1.9179004430770874,1.997573971748352
1020,15,60,1.4001004695892334,1.944181203842163
1021,15,61,1.9156118631362915,1.9005221128463745
1022,15,62,1.6123332977294922,1.936406135559082
1023,15,63,1.3800163269042969,1.9271667003631592
1024,16,0,1.5490832328796387,1.8553625345230103
1025,16,1,1.5163235664367676,1.2637990713119507
1026,16,2,1.7727468013763428,1.9768370389938354
1027,16,3,1.893813967704773,1.976170301437378
1028,16,4,1.5619324445724487,1.9464123249053955
1029,16,5,0.8401159048080444,1.9414438009262085
1030,16,6,1.3041017055511475,1.734588861465454
1031,16,7,1.3951714038848877,1.9113733768463135
1032,16,8,1.0020641088485718,1.836292028427124
1033,16,9,1.261667013168335,1.752660870552063
1034,16,10,1.2797261476516724,1.7811694145202637
1035,16,11,0.7678771018981934,1.8308640718460083
1036,16,12,1.0041310787200928,1.9374555349349976
1037,16,13,1.3713778257369995,1.903297781944275
1038,16,14,1.0031158924102783,1.8081059455871582
1039,16,15,1.0380836725234985,1.8019859790802002
1040,16,16,1.0855270624160767,1.8044947385787964
1041,16,17,1.160467505455017,1.5085346698760986
1042,16,18,1.5080822706222534,1.5397003889083862
1043,16,19,1.15908682346344,1.7674239873886108
1044,16,20,1.3139758110046387,1.6041892766952515
1045,16,21,1.0135210752487183,1.6940748691558838
1046,16,22,1.2218759059906006,1.61900794506073
1047,16,23,1.12168550491333,1.5413994789123535
1048,16,24,1.111451268196106,1.158754587173462
1049,16,25,1.1310288906097412,1.429009199142456
1050,16,26,1.1120895147323608,1.2726274728775024
1051,16,27,1.171822428703308,1.7337315082550049
1052,16,28,1.0476734638214111,1.5240700244903564
1053,16,29,1.3168941736221313,1.4985601902008057
1054,16,30,1.0780001878738403,1.5629123449325562
1055,16,31,1.0793713331222534,1.5683704614639282
1056,16,32,1.1377217769622803,1.714373230934143
1057,16,33,0.9558752179145813,1.7032963037490845
1058,16,34,0.9723421931266785,1.7938159704208374
1059,16,35,0.7957467436790466,1.720276951789856
1060,16,36,1.1287634372711182,1.8705905675888062
1061,16,37,0.7936134338378906,1.8684364557266235
1062,16,38,1.2625539302825928,1.9350945949554443
1063,16,39,1.2571640014648438,1.79714035987854
1064,16,40,1.0392534732818604,1.7370109558105469
1065,16,41,1.101059913635254,1.8704487085342407
1066,16,42,1.305872917175293,1.4656022787094116
1067,16,43,1.260363221168518,1.8747490644454956
1068,16,44,1.3372167348861694,1.9144935607910156
1069,16,45,1.6364821195602417,1.9565765857696533
1070,16,46,1.6601003408432007,1.3476296663284302
1071,16,47,1.0960294008255005,1.774112343788147
1072,16,48,1.633575201034546,1.9766571521759033
1073,16,49,1.4916770458221436,1.8980135917663574
1074,16,50,1.3529280424118042,1.8993737697601318
1075,16,51,1.2546547651290894,1.9839102029800415
1076,16,52,1.3941529989242554,1.8203976154327393
1077,16,53,1.3798288106918335,1.9304883480072021
1078,16,54,1.8657557964324951,1.975717544555664
1079,16,55,1.984895944595337,1.9920549392700195
1080,16,56,1.9844614267349243,1.9940199851989746
1081,16,57,1.6186352968215942,1.9379745721817017
1082,16,58,1.9871317148208618,1.996851921081543
1083,16,59,1.9260879755020142,1.9979393482208252
1084,16,60,1.3872413635253906,1.9465044736862183
1085,16,61,1.914123296737671,1.9214023351669312
1086,16,62,1.589446783065796,1.9449920654296875
1087,16,63,1.3697313070297241,1.9288690090179443
1088,17,0,1.5439878702163696,1.8819291591644287
1089,17,1,1.5333168506622314,1.3483535051345825
1090,17,2,1.7758138179779053,1.9794100522994995
1091,17,3,1.9020061492919922,1.9799257516860962
1092,17,4,1.558559536933899,1.9541001319885254
1093,17,5,0.8011084198951721,1.9507787227630615
1094,17,6,1.2840029001235962,1.759761095046997
1095,17,7,1.384173035621643,1.9224456548690796
1096,17,8,0.9732292890548706,1.8499290943145752
1097,17,9,1.2605174779891968,1.782240390777588
1098,17,10,1.287699580192566,1.8085179328918457
1099,17,11,0.7372004389762878,1.8345166444778442
1100,17,12,1.0034618377685547,1.9419101476669312
1101,17,13,1.369304895401001,1.9171178340911865
1102,17,14,0.9827751517295837,1.81208336353302
1103,17,15,1.0347716808319092,1.801301121711731
1104,17,16,1.0739147663116455,1.8153116703033447
1105,17,17,1.1704577207565308,1.504900336265564
1106,17,18,1.5245980024337769,1.5470284223556519
1107,17,19,1.1494815349578857,1.7826043367385864
1108,17,20,1.3314675092697144,1.6240441799163818
1109,17,21,0.9990154504776001,1.7100621461868286
1110,17,22,1.2240151166915894,1.63997220993042
1111,17,23,1.1260408163070679,1.5641306638717651
1112,17,24,1.114137887954712,1.1537590026855469
1113,17,25,1.1271048784255981,1.441968321800232
1114,17,26,1.1230459213256836,1.2936034202575684
1115,17,27,1.1588225364685059,1.7446928024291992
1116,17,28,1.041406273841858,1.5538747310638428
1117,17,29,1.320605754852295,1.503820538520813
1118,17,30,1.0690162181854248,1.5559402704238892
1119,17,31,1.072162389755249,1.5942668914794922
1120,17,32,1.1390063762664795,1.7342580556869507
1121,17,33,0.9396780133247375,1.7149770259857178
1122,17,34,0.9703686237335205,1.816468358039856
1123,17,35,0.7604202628135681,1.7464817762374878
1124,17,36,1.1163264513015747,1.8725160360336304
1125,17,37,0.7370063662528992,1.8810170888900757
1126,17,38,1.2525618076324463,1.9419814348220825
1127,17,39,1.231549859046936,1.7856637239456177
1128,17,40,1.0124096870422363,1.7647712230682373
1129,17,41,1.0697354078292847,1.8716360330581665
1130,17,42,1.2957258224487305,1.5117336511611938
1131,17,43,1.246183156967163,1.8809080123901367
1132,17,44,1.324598789215088,1.9279050827026367
1133,17,45,1.628041386604309,1.9637125730514526
1134,17,46,1.6740069389343262,1.3974710702896118
1135,17,47,1.0726484060287476,1.7967275381088257
1136,17,48,1.6417628526687622,1.9801658391952515
1137,17,49,1.4864144325256348,1.9092470407485962
1138,17,50,1.3368031978607178,1.9113174676895142
1139,17,51,1.2386586666107178,1.9864698648452759
1140,17,52,1.4020079374313354,1.8381158113479614
1141,17,53,1.3568694591522217,1.9401190280914307
1142,17,54,1.8662132024765015,1.9799935817718506
1143,17,55,1.9857765436172485,1.993731141090393
1144,17,56,1.9862051010131836,1.9948567152023315
1145,17,57,1.6120667457580566,1.9442962408065796
1146,17,58,1.9891812801361084,1.9975658655166626
1147,17,59,1.9354419708251953,1.9982699155807495
1148,17,60,1.3789052963256836,1.9499237537384033
1149,17,61,1.9157835245132446,1.939603567123413
1150,17,62,1.5743874311447144,1.9539709091186523
1151,17,63,1.3525651693344116,1.9312824010849
1152,18,0,1.5341558456420898,1.8986680507659912
1153,18,1,1.5496503114700317,1.4156512022018433
1154,18,2,1.7759958505630493,1.9808887243270874
1155,18,3,1.9062249660491943,1.9821956157684326
1156,18,4,1.5534905195236206,1.9589836597442627
1157,18,5,0.7696241736412048,1.9570125341415405
1158,18,6,1.261863350868225,1.7817409038543701
1159,18,7,1.3758764266967773,1.930284023284912
1160,18,8,0.9447061419487,1.8584591150283813
1161,18,9,1.2621182203292847,1.805921196937561
1162,18,10,1.293014407157898,1.8286378383636475
1163,18,11,0.7090757489204407,1.8355350494384766
1164,18,12,1.0030522346496582,1.94413423538208
1165,18,13,1.3661633729934692,1.9271804094314575
1166,18,14,0.9620851278305054,1.8125311136245728
1167,18,15,1.0356144905090332,1.796744465827942
1168,18,16,1.0656471252441406,1.8229005336761475
1169,18,17,1.1778571605682373,1.499130129814148
1170,18,18,1.536385416984558,1.5514620542526245
1171,18,19,1.1403266191482544,1.795498013496399
1172,18,20,1.3422027826309204,1.6400281190872192
1173,18,21,0.9847792983055115,1.7232275009155273
1174,18,22,1.2261356115341187,1.6581894159317017
1175,18,23,1.130444884300232,1.583832025527954
1176,18,24,1.117692470550537,1.1464345455169678
1177,18,25,1.1200895309448242,1.4535173177719116
1178,18,26,1.1314445734024048,1.3134055137634277
1179,18,27,1.14842689037323,1.7513707876205444
1180,18,28,1.0322524309158325,1.5804359912872314
1181,18,29,1.3202693462371826,1.5060659646987915
1182,18,30,1.0642272233963013,1.5451956987380981
1183,18,31,1.066012978553772,1.6175141334533691
1184,18,32,1.140639305114746,1.7496942281723022
1185,18,33,0.9211674928665161,1.7240779399871826
1186,18,34,0.9690913558006287,1.8335384130477905
1187,18,35,0.7277489900588989,1.7668287754058838
1188,18,36,1.1032426357269287,1.8720816373825073
1189,18,37,0.6908624768257141,1.8902286291122437
1190,18,38,1.2415918111801147,1.946763515472412
1191,18,39,1.2081096172332764,1.7684656381607056
1192,18,40,0.9849845170974731,1.7872918844223022
1193,18,41,1.0465446710586548,1.871016502380371
1194,18,42,1.27666437625885,1.5511163473129272
1195,18,43,1.2318445444107056,1.8837205171585083
1196,18,44,1.3117246627807617,1.9376274347305298
1197,18,45,1.6169586181640625,1.9688328504562378
1198,18,46,1.6832311153411865,1.4427694082260132
1199,18,47,1.0543971061706543,1.815722942352295
1200,18,48,1.6441036462783813,1.9822297096252441
1201,18,49,1.4774872064590454,1.9186301231384277
1202,18,50,1.3229137659072876,1.9194682836532593
1203,18,51,1.2235993146896362,1.9882376194000244
1204,18,52,1.4052766561508179,1.850783348083496
1205,18,53,1.336145043373108,1.9465587139129639
1206,18,54,1.864639401435852,1.9826445579528809
1207,18,55,1.986018180847168,1.9947481155395508
1208,18,56,1.987073302268982,1.9953409433364868
1209,18,57,1.6044787168502808,1.9488763809204102
1210,18,58,1.990304946899414,1.9979935884475708
1211,18,59,1.9410609006881714,1.9984614849090576
1212,18,60,1.36995267868042,1.951176404953003
1213,18,61,1.9138344526290894,1.9510656595230103
1214,18,62,1.5575132369995117,1.959943413734436
1215,18,63,1.3426318168640137,1.9322991371154785
1216,19,0,1.517557144165039,1.9120497703552246
1217,19,1,1.5556929111480713,1.4876203536987305
1218,19,2,1.782174825668335,1.9814847707748413
1219,19,3,1.9111032485961914,1.9839138984680176
1220,19,4,1.5506703853607178,1.9630805253982544
1221,19,5,0.7470473647117615,1.9622784852981567
1222,19,6,1.2341704368591309,1.8001255989074707
1223,19,7,1.3586137294769287,1.9370806217193604
1224,19,8,0.9232801795005798,1.8677629232406616
1225,19,9,1.25444757938385,1.8267464637756348
1226,19,10,1.2965463399887085,1.8475128412246704
1227,19,11,0.6872281432151794,1.8354485034942627
1228,19,12,0.9994170665740967,1.9452686309814453
1229,19,13,1.361570119857788,1.93540358543396
1230,19,14,0.9400296211242676,1.8105075359344482
1231,19,15,1.031177282333374,1.789124846458435
1232,19,16,1.0600652694702148,1.8299658298492432
1233,19,17,1.1860281229019165,1.4909870624542236
1234,19,18,1.545217752456665,1.5543164014816284
1235,19,19,1.1307626962661743,1.8067330121994019
1236,19,20,1.3482656478881836,1.6532574892044067
1237,19,21,0.9699925184249878,1.7345178127288818
1238,19,22,1.225137710571289,1.6742972135543823
1239,19,23,1.135136365890503,1.6017787456512451
1240,19,24,1.1185476779937744,1.1373504400253296
1241,19,25,1.1149836778640747,1.4638763666152954
1242,19,26,1.1383079290390015,1.332574486732483
1243,19,27,1.1330121755599976,1.7555785179138184
1244,19,28,1.0230118036270142,1.6055740118026733
1245,19,29,1.3194046020507812,1.5060843229293823
1246,19,30,1.0594160556793213,1.5318225622177124
1247,19,31,1.059861183166504,1.6379430294036865
1248,19,32,1.141680359840393,1.7625048160552979
1249,19,33,0.9036400318145752,1.7304964065551758
1250,19,34,0.9679979085922241,1.8479946851730347
1251,19,35,0.700364887714386,1.7860106229782104
1252,19,36,1.0978449583053589,1.8696280717849731
1253,19,37,0.6471673846244812,1.8974653482437134
1254,19,38,1.2356384992599487,1.9504040479660034
1255,19,39,1.1792429685592651,1.7432900667190552
1256,19,40,0.953290581703186,1.8063007593154907
1257,19,41,1.0274032354354858,1.869836449623108
1258,19,42,1.261387586593628,1.5820698738098145
1259,19,43,1.2156546115875244,1.8835012912750244
1260,19,44,1.2919385433197021,1.9442764520645142
1261,19,45,1.604910969734192,1.97299325466156
1262,19,46,1.6808620691299438,1.497251272201538
1263,19,47,1.029266595840454,1.8255897760391235
1264,19,48,1.6443438529968262,1.9837243556976318
1265,19,49,1.4839338064193726,1.9277158975601196
1266,19,50,1.2957428693771362,1.9230725765228271
1267,19,51,1.2150166034698486,1.9895284175872803
1268,19,52,1.3869457244873047,1.8659344911575317
1269,19,53,1.3174498081207275,1.9513378143310547
1270,19,54,1.8605254888534546,1.9847280979156494
1271,19,55,1.9855034351348877,1.9954921007156372
1272,19,56,1.9876710176467896,1.9956421852111816
1273,19,57,1.608805537223816,1.9538843631744385
1274,19,58,1.9914685487747192,1.9982991218566895
1275,19,59,1.9478877782821655,1.998603105545044
1276,19,60,1.3702328205108643,1.9530664682388306
1277,19,61,1.9134951829910278,1.9588987827301025
1278,19,62,1.5517534017562866,1.9648005962371826
1279,19,63,1.3334530591964722,1.932843804359436
1280,20,0,1.5046130418777466,1.9208264350891113
1281,20,1,1.560545563697815,1.5457773208618164
1282,20,2,1.7910315990447998,1.982092022895813
1283,20,3,1.9161045551300049,1.9852806329727173
1284,20,4,1.5513808727264404,1.9661153554916382
1285,20,5,0.7234563231468201,1.9661492109298706
1286,20,6,1.2082077264785767,1.8169245719909668
1287,20,7,1.3470709323883057,1.9425365924835205
1288,20,8,0.9023305773735046,1.8744269609451294
1289,20,9,1.2522823810577393,1.8439923524856567
1290,20,10,1.2999603748321533,1.8623905181884766
1291,20,11,0.6644009351730347,1.8346471786499023
1292,20,12,0.9975717663764954,1.945927619934082
1293,20,13,1.3581123352050781,1.9417548179626465
1294,20,14,0.9201632738113403,1.8076171875
1295,20,15,1.030901312828064,1.7799307107925415
1296,20,16,1.0545668601989746,1.835626244544983
1297,20,17,1.1935113668441772,1.482168436050415
1298,20,18,1.5548874139785767,1.5560789108276367
1299,20,19,1.1185535192489624,1.8166263103485107
1300,20,20,1.3573893308639526,1.6657530069351196
1301,20,21,0.9576783180236816,1.7440816164016724
1302,20,22,1.2237093448638916,1.6890053749084473
1303,20,23,1.139469027519226,1.6176517009735107
1304,20,24,1.1202690601348877,1.1279823780059814
1305,20,25,1.1096782684326172,1.472733736038208
1306,20,26,1.1445735692977905,1.3500531911849976
1307,20,27,1.1178019046783447,1.7582263946533203
1308,20,28,1.0131398439407349,1.6285293102264404
1309,20,29,1.3177517652511597,1.5046906471252441
1310,20,30,1.0553185939788818,1.5172405242919922
1311,20,31,1.0524728298187256,1.6561858654022217
1312,20,32,1.1397379636764526,1.7731446027755737
1313,20,33,0.8860896229743958,1.7354366779327393
1314,20,34,0.9686909914016724,1.8601137399673462
1315,20,35,0.6709522008895874,1.8019198179244995
1316,20,36,1.0904844999313354,1.8662481307983398
1317,20,37,0.6105472445487976,1.9041601419448853
1318,20,38,1.2254559993743896,1.953162431716919
1319,20,39,1.150137186050415,1.7138442993164062
1320,20,40,0.9259268045425415,1.823804259300232
1321,20,41,1.0080443620681763,1.8678553104400635
1322,20,42,1.2382781505584717,1.609407901763916
1323,20,43,1.200335144996643,1.8828065395355225
1324,20,44,1.2775533199310303,1.9502129554748535
1325,20,45,1.5924103260040283,1.976096749305725
1326,20,46,1.6811528205871582,1.5444506406784058
1327,20,47,1.0115443468093872,1.8345069885253906
1328,20,48,1.641858458518982,1.9847452640533447
1329,20,49,1.4996691942214966,1.9352319240570068
1330,20,50,1.2751802206039429,1.925984263420105
1331,20,51,1.213968276977539,1.990555763244629
1332,20,52,1.3612308502197266,1.8783214092254639
1333,20,53,1.299850583076477,1.955795407295227
1334,20,54,1.8566112518310547,1.986190915107727
1335,20,55,1.984773874282837,1.996044397354126
1336,20,56,1.987816572189331,1.9958800077438354
1337,20,57,1.6232445240020752,1.9580079317092896
1338,20,58,1.9921181201934814,1.9984983205795288
1339,20,59,1.9520491361618042,1.9986802339553833
1340,20,60,1.3722926378250122,1.9547162055969238
1341,20,61,1.9133104085922241,1.9647256135940552
1342,20,62,1.5503448247909546,1.9684547185897827
1343,20,63,1.322321891784668,1.9336045980453491
1344,21,0,1.4891613721847534,1.9303380250930786
1345,21,1,1.5751314163208008,1.6089632511138916
1346,21,2,1.785718321800232,1.9824588298797607
1347,21,3,1.9162142276763916,1.9862043857574463
1348,21,4,1.5407886505126953,1.9683955907821655
1349,21,5,0.6947329044342041,1.9691221714019775
1350,21,6,1.1775462627410889,1.8326835632324219
1351,21,7,1.3249523639678955,1.9464685916900635
1352,21,8,0.8707466721534729,1.877184271812439
1353,21,9,1.2460542917251587,1.8585151433944702
1354,21,10,1.3041884899139404,1.8763877153396606
1355,21,11,0.6432830691337585,1.8308384418487549
1356,21,12,0.9984112977981567,1.9459233283996582
1357,21,13,1.3563846349716187,1.9473743438720703
1358,21,14,0.8992063403129578,1.8019895553588867
1359,21,15,1.0287113189697266,1.7676191329956055
1360,21,16,1.0498723983764648,1.840302586555481
1361,21,17,1.2002123594284058,1.472361445426941
1362,21,18,1.5615280866622925,1.556952714920044
1363,21,19,1.1060441732406616,1.8261301517486572
1364,21,20,1.3650109767913818,1.6769726276397705
1365,21,21,0.943564772605896,1.7525559663772583
1366,21,22,1.2225823402404785,1.702871322631836
1367,21,23,1.1419470310211182,1.6327775716781616
1368,21,24,1.1207516193389893,1.1170538663864136
1369,21,25,1.1037508249282837,1.4817203283309937
1370,21,26,1.1506168842315674,1.3668665885925293
1371,21,27,1.099024772644043,1.7600884437561035
1372,21,28,1.0030597448349,1.6503793001174927
1373,21,29,1.3110284805297852,1.502589225769043
1374,21,30,1.048491358757019,1.498892903327942
1375,21,31,1.0472065210342407,1.6724364757537842
1376,21,32,1.137083888053894,1.7821766138076782
1377,21,33,0.8717166781425476,1.7391234636306763
1378,21,34,0.9683669209480286,1.870185375213623
1379,21,35,0.6450696587562561,1.8164032697677612
1380,21,36,1.0814214944839478,1.8615546226501465
1381,21,37,0.5733093023300171,1.9093791246414185
1382,21,38,1.212286353111267,1.9555054903030396
1383,21,39,1.1160690784454346,1.6746203899383545
1384,21,40,0.8988543152809143,1.8398840427398682
1385,21,41,0.9814666509628296,1.8642266988754272
1386,21,42,1.2070136070251465,1.6427537202835083
1387,21,43,1.1797975301742554,1.8814492225646973
1388,21,44,1.2577271461486816,1.9554095268249512
1389,21,45,1.572886347770691,1.9785106182098389
1390,21,46,1.6876113414764404,1.5921427011489868
1391,21,47,0.9896882176399231,1.8476685285568237
1392,21,48,1.6386241912841797,1.9854662418365479
1393,21,49,1.4826570749282837,1.9410985708236694
1394,21,50,1.2553703784942627,1.9308440685272217
1395,21,51,1.1877293586730957,1.991309642791748
1396,21,52,1.3719326257705688,1.8893455266952515
1397,21,53,1.2816828489303589,1.9591487646102905
1398,21,54,1.8544495105743408,1.9873828887939453
1399,21,55,1.9846123456954956,1.9963868856430054
1400,21,56,1.9880776405334473,1.9960496425628662
1401,21,57,1.6060618162155151,1.9600764513015747
1402,21,58,1.9925934076309204,1.9986298084259033
1403,21,59,1.9545828104019165,1.9987083673477173
1404,21,60,1.3585846424102783,1.9543025493621826
1405,21,61,1.9095908403396606,1.9711649417877197
1406,21,62,1.5281438827514648,1.9718352556228638
1407,21,63,1.3180958032608032,1.9348163604736328
1408,22,0,1.472638726234436,1.937037467956543
1409,22,1,1.588088035583496,1.6629616022109985
1410,22,2,1.781152606010437,1.9826345443725586
1411,22,3,1.9154908657073975,1.9868744611740112
1412,22,4,1.5287959575653076,1.9696882963180542
1413,22,5,0.6651996970176697,1.9711638689041138
1414,22,6,1.1473746299743652,1.8454571962356567
1415,22,7,1.302371621131897,1.9491462707519531
1416,22,8,0.8411169052124023,1.878282070159912
1417,22,9,1.2410861253738403,1.8703426122665405
1418,22,10,1.3059428930282593,1.88755464553833
1419,22,11,0.6223784685134888,1.825292706489563
1420,22,12,1.0004926919937134,1.9447742700576782
1421,22,13,1.3496712446212769,1.9514390230178833
1422,22,14,0.8766875863075256,1.79384446144104
1423,22,15,1.025801658630371,1.7511751651763916
1424,22,16,1.044430136680603,1.843957543373108
1425,22,17,1.206066370010376,1.4599157571792603
1426,22,18,1.5654349327087402,1.5551115274429321
1427,22,19,1.0910896062850952,1.8333299160003662
1428,22,20,1.3717683553695679,1.6857372522354126
1429,22,21,0.9292144775390625,1.7591664791107178
1430,22,22,1.2197206020355225,1.7141016721725464
1431,22,23,1.1469303369522095,1.6462374925613403
1432,22,24,1.123901128768921,1.1044756174087524
1433,22,25,1.0974799394607544,1.4885867834091187
1434,22,26,1.157008171081543,1.3825829029083252
1435,22,27,1.0792275667190552,1.759383201599121
1436,22,28,0.9942551255226135,1.6695237159729004
1437,22,29,1.3025227785110474,1.498105764389038
1438,22,30,1.041629672050476,1.4776158332824707
1439,22,31,1.0417041778564453,1.6862599849700928
1440,22,32,1.1348819732666016,1.7886320352554321
1441,22,33,0.8571547865867615,1.7399845123291016
1442,22,34,0.9672374725341797,1.8780308961868286
1443,22,35,0.6172356605529785,1.8280888795852661
1444,22,36,1.0716372728347778,1.8545759916305542
1445,22,37,0.536643385887146,1.9132095575332642
1446,22,38,1.196811556816101,1.9567450284957886
1447,22,39,1.076358675956726,1.6247897148132324
1448,22,40,0.8711479902267456,1.8540838956832886
1449,22,41,0.9580881595611572,1.8590424060821533
1450,22,42,1.1709538698196411,1.6739202737808228
1451,22,43,1.1601005792617798,1.8786022663116455
1452,22,44,1.2374188899993896,1.9599322080612183
1453,22,45,1.5515528917312622,1.9802660942077637
1454,22,46,1.6913005113601685,1.6378211975097656
1455,22,47,0.9686495661735535,1.860028624534607
1456,22,48,1.632279872894287,1.9856843948364258
1457,22,49,1.466399908065796,1.9457110166549683
1458,22,50,1.236557960510254,1.934861660003662
1459,22,51,1.1597567796707153,1.9917352199554443
1460,22,52,1.3819386959075928,1.8986605405807495
1461,22,53,1.2583733797073364,1.9618922472000122
1462,22,54,1.8514505624771118,1.9881134033203125
1463,22,55,1.9840220212936401,1.9965852499008179
1464,22,56,1.9880309104919434,1.9961051940917969
1465,22,57,1.588158369064331,1.9614241123199463
1466,22,58,1.9926469326019287,1.998686671257019
1467,22,59,1.9557534456253052,1.998686671257019
1468,22,60,1.342535376548767,1.952607274055481
1469,22,61,1.9024938344955444,1.9762052297592163
1470,22,62,1.5031837224960327,1.9743238687515259
1471,22,63,1.3118751049041748,1.9351145029067993
1472,23,0,1.4464142322540283,1.9435917139053345
1473,23,1,1.5922372341156006,1.7205147743225098
1474,23,2,1.7828699350357056,1.9824820756912231
1475,23,3,1.9172911643981934,1.9872188568115234
1476,23,4,1.517914891242981,1.9712305068969727
1477,23,5,0.6371247172355652,1.9731768369674683
1478,23,6,1.109824776649475,1.8597073554992676
1479,23,7,1.276311993598938,1.9518181085586548
1480,23,8,0.809120237827301,1.8803118467330933
1481,23,9,1.2287266254425049,1.8835970163345337
1482,23,10,1.3061085939407349,1.899021863937378
1483,23,11,0.602562665939331,1.8175660371780396
1484,23,12,1.0016422271728516,1.9432439804077148
1485,23,13,1.3409786224365234,1.9551955461502075
1486,23,14,0.8576577305793762,1.7849478721618652
1487,23,15,1.024788737297058,1.7312495708465576
1488,23,16,1.0340250730514526,1.847264051437378
1489,23,17,1.2172296047210693,1.446828007698059
1490,23,18,1.5704121589660645,1.5528628826141357
1491,23,19,1.0797560214996338,1.8402818441390991
1492,23,20,1.377991795539856,1.6939656734466553
1493,23,21,0.9173078536987305,1.765323519706726
1494,23,22,1.2156879901885986,1.7247538566589355
1495,23,23,1.149648666381836,1.6576104164123535
1496,23,24,1.1269354820251465,1.0911433696746826
1497,23,25,1.088875651359558,1.4958304166793823
1498,23,26,1.1660104990005493,1.398601770401001
1499,23,27,1.0588176250457764,1.7593343257904053
1500,23,28,0.9824129343032837,1.6870182752609253
1501,23,29,1.2973500490188599,1.4937818050384521
1502,23,30,1.0348721742630005,1.453555941581726
1503,23,31,1.0367497205734253,1.699433445930481
1504,23,32,1.1312685012817383,1.7942804098129272
1505,23,33,0.8399027585983276,1.7392748594284058
1506,23,34,0.9665027856826782,1.8851109743118286
1507,23,35,0.5908275246620178,1.8389266729354858
1508,23,36,1.0630484819412231,1.8459872007369995
1509,23,37,0.4961884021759033,1.9161478281021118
1510,23,38,1.1783008575439453,1.9575637578964233
1511,23,39,1.037992238998413,1.5604302883148193
1512,23,40,0.8391110897064209,1.8676785230636597
1513,23,41,0.9354084134101868,1.852352261543274
1514,23,42,1.139091968536377,1.699519157409668
1515,23,43,1.1346023082733154,1.8728837966918945
1516,23,44,1.212701678276062,1.9632295370101929
1517,23,45,1.523300051689148,1.9820128679275513
1518,23,46,1.686762809753418,1.6838356256484985
1519,23,47,0.938914954662323,1.8668127059936523
1520,23,48,1.6214536428451538,1.985961675643921
1521,23,49,1.4644991159439087,1.9508919715881348
1522,23,50,1.2064802646636963,1.9364818334579468
1523,23,51,1.1473208665847778,1.9921648502349854
1524,23,52,1.3690286874771118,1.9094427824020386
1525,23,53,1.2309662103652954,1.9641097784042358
1526,23,54,1.8461472988128662,1.9890215396881104
1527,23,55,1.9826889038085938,1.9968105554580688
1528,23,56,1.987917184829712,1.996134638786316
1529,23,57,1.5870208740234375,1.9637964963912964
1530,23,58,1.993034839630127,1.9987486600875854
1531,23,59,1.9585219621658325,1.9986608028411865
1532,23,60,1.3363912105560303,1.9525532722473145
1533,23,61,1.9001085758209229,1.9794001579284668
1534,23,62,1.4959067106246948,1.9767667055130005
1535,23,63,1.3002468347549438,1.934812307357788
1536,24,0,1.4251266717910767,1.9495736360549927
1537,24,1,1.5979795455932617,1.76704740524292
1538,24,2,1.78317391872406,1.9825586080551147
1539,24,3,1.9187495708465576,1.9877322912216187
1540,24,4,1.5075294971466064,1.9728037118911743
1541,24,5,0.6096890568733215,1.9752271175384521
1542,24,6,1.0763847827911377,1.872611403465271
1543,24,7,1.2488887310028076,1.9542717933654785
1544,24,8,0.7801286578178406,1.881739854812622
1545,24,9,1.2184873819351196,1.894917368888855
1546,24,10,1.304931640625,1.909664511680603
1547,24,11,0.5827681422233582,1.8100922107696533
1548,24,12,1.0011111497879028,1.9424818754196167
1549,24,13,1.3331385850906372,1.9588606357574463
1550,24,14,0.8375227451324463,1.7776294946670532
1551,24,15,1.0209752321243286,1.712099313735962
1552,24,16,1.0272102355957031,1.8524281978607178
1553,24,17,1.2275090217590332,1.4358811378479004
1554,24,18,1.5778690576553345,1.55255925655365
1555,24,19,1.0665130615234375,1.8486137390136719
1556,24,20,1.383362054824829,1.7043112516403198
1557,24,21,0.9054567813873291,1.774208426475525
1558,24,22,1.215164065361023,1.7366379499435425
1559,24,23,1.1545065641403198,1.6707675457000732
1560,24,24,1.132697343826294,1.0777119398117065
1561,24,25,1.0808597803115845,1.5046329498291016
1562,24,26,1.1755568981170654,1.4169514179229736
1563,24,27,1.0409647226333618,1.761214017868042
1564,24,28,0.9723142385482788,1.7053643465042114
1565,24,29,1.2928053140640259,1.4933173656463623
1566,24,30,1.0288853645324707,1.4305546283721924
1567,24,31,1.0338504314422607,1.7137700319290161
1568,24,32,1.1294631958007812,1.8019564151763916
1569,24,33,0.8247761726379395,1.7409831285476685
1570,24,34,0.966433048248291,1.8923776149749756
1571,24,35,0.5662757754325867,1.8498177528381348
1572,24,36,1.053225040435791,1.838342547416687
1573,24,37,0.46084749698638916,1.91952383518219
1574,24,38,1.160077691078186,1.958742618560791
1575,24,39,1.0025079250335693,1.4905296564102173
1576,24,40,0.8083596229553223,1.8805149793624878
1577,24,41,0.911375880241394,1.8450700044631958
1578,24,42,1.1074684858322144,1.7235329151153564
1579,24,43,1.1122418642044067,1.8676044940948486
1580,24,44,1.1902847290039062,1.9666359424591064
1581,24,45,1.4993594884872437,1.9836676120758057
1582,24,46,1.6844862699508667,1.7251884937286377
1583,24,47,0.9130849242210388,1.8737543821334839
1584,24,48,1.6109017133712769,1.9864386320114136
1585,24,49,1.46006178855896,1.9552465677261353
1586,24,50,1.181731939315796,1.938712239265442
1587,24,51,1.1299735307693481,1.9926097393035889
1588,24,52,1.3607721328735352,1.9186729192733765
1589,24,53,1.2047007083892822,1.9663549661636353
1590,24,54,1.8420963287353516,1.9898678064346313
1591,24,55,1.9814389944076538,1.9970629215240479
1592,24,56,1.9877949953079224,1.9962505102157593
1593,24,57,1.5851058959960938,1.9657460451126099
1594,24,58,1.993349552154541,1.998828649520874
1595,24,59,1.961121678352356,1.9986737966537476
1596,24,60,1.3275288343429565,1.952117919921875
1597,24,61,1.8975216150283813,1.9820934534072876
1598,24,62,1.4861249923706055,1.9789273738861084
1599,24,63,1.2910069227218628,1.9343235492706299
1600,25,0,1.4050328731536865,1.9553782939910889
1601,25,1,1.6119015216827393,1.8066567182540894
1602,25,2,1.7742594480514526,1.9828829765319824
1603,25,3,1.9177443981170654,1.9883455038070679
1604,25,4,1.4921921491622925,1.9742614030838013
1605,25,5,0.5764834880828857,1.9770199060440063
1606,25,6,1.0475245714187622,1.8849478960037231
1607,25,7,1.216313362121582,1.956595778465271
1608,25,8,0.7461814880371094,1.8815914392471313
1609,25,9,1.2082041501998901,1.9041305780410767
1610,25,10,1.3059359788894653,1.9195647239685059
1611,25,11,0.562549889087677,1.8017603158950806
1612,25,12,1.0029089450836182,1.942036509513855
1613,25,13,1.3300679922103882,1.962514877319336
1614,25,14,0.8193246722221375,1.77061128616333
1615,25,15,1.0109663009643555,1.6925010681152344
1616,25,16,1.020431637763977,1.8579497337341309
1617,25,17,1.2388391494750977,1.4258617162704468
1618,25,18,1.5828227996826172,1.5527684688568115
1619,25,19,1.0541445016860962,1.8566932678222656
1620,25,20,1.391283631324768,1.7143181562423706
1621,25,21,0.893744707107544,1.7830311059951782
1622,25,22,1.211073875427246,1.7481046915054321
1623,25,23,1.1582143306732178,1.683758020401001
1624,25,24,1.13814115524292,1.0641090869903564
1625,25,25,1.0739953517913818,1.5131784677505493
1626,25,26,1.1825742721557617,1.4357291460037231
1627,25,27,1.0219992399215698,1.7636635303497314
1628,25,28,0.9607581496238708,1.7227128744125366
1629,25,29,1.2867107391357422,1.4943236112594604
1630,25,30,1.0208083391189575,1.4086302518844604
1631,25,31,1.0317795276641846,1.7277268171310425
1632,25,32,1.1265867948532104,1.809944987297058
1633,25,33,0.8102228045463562,1.7428874969482422
1634,25,34,0.966657817363739,1.8988010883331299
1635,25,35,0.5411190390586853,1.8598085641860962
1636,25,36,1.041823148727417,1.8304688930511475
1637,25,37,0.42737138271331787,1.9230650663375854
1638,25,38,1.1432723999023438,1.960162878036499
1639,25,39,0.9612966179847717,1.4129670858383179
1640,25,40,0.7807811498641968,1.8933978080749512
1641,25,41,0.8864879012107849,1.8369183540344238
1642,25,42,1.0661089420318604,1.7513493299484253
1643,25,43,1.087587594985962,1.8641579151153564
1644,25,44,1.1667498350143433,1.9702982902526855
1645,25,45,1.4756876230239868,1.9851547479629517
1646,25,46,1.6891510486602783,1.7622480392456055
1647,25,47,0.8839686512947083,1.884002923965454
1648,25,48,1.6026475429534912,1.98699951171875
1649,25,49,1.4345735311508179,1.9593737125396729
1650,25,50,1.166194200515747,1.9430665969848633
1651,25,51,1.0968252420425415,1.9929803609848022
1652,25,52,1.378377914428711,1.926819086074829
1653,25,53,1.1804039478302002,1.968692421913147
1654,25,54,1.8398218154907227,1.990721583366394
1655,25,55,1.980641484260559,1.9972676038742065
1656,25,56,1.9877737760543823,1.99642014503479
1657,25,57,1.5604420900344849,1.9668275117874146
1658,25,58,1.993603229522705,1.9988998174667358
1659,25,59,1.9626502990722656,1.998669981956482
1660,25,60,1.3084828853607178,1.9497849941253662
1661,25,61,1.8903393745422363,1.984824538230896
1662,25,62,1.4574543237686157,1.9810365438461304
1663,25,63,1.2917540073394775,1.9337797164916992
1664,26,0,1.384835124015808,1.9598205089569092
1665,26,1,1.6165807247161865,1.8438481092453003
1666,26,2,1.7796962261199951,1.983272910118103
1667,26,3,1.9211945533752441,1.988869071006775
1668,26,4,1.4835048913955688,1.9756044149398804
1669,26,5,0.5457145571708679,1.9786711931228638
1670,26,6,1.0153659582138062,1.8967416286468506
1671,26,7,1.1867337226867676,1.958984136581421
1672,26,8,0.7143812775611877,1.8822311162948608
1673,26,9,1.2027950286865234,1.9139121770858765
1674,26,10,1.3031232357025146,1.9280821084976196
1675,26,11,0.5416951775550842,1.7917492389678955
1676,26,12,1.0067411661148071,1.9413254261016846
1677,26,13,1.3185971975326538,1.9653619527816772
1678,26,14,0.8018131852149963,1.763338327407837
1679,26,15,1.0087083578109741,1.6700797080993652
1680,26,16,1.010969638824463,1.8635693788528442
1681,26,17,1.247737169265747,1.4142922163009644
1682,26,18,1.5880848169326782,1.5517668724060059
1683,26,19,1.0415233373641968,1.8638070821762085
1684,26,20,1.3971636295318604,1.7238235473632812
1685,26,21,0.8813066482543945,1.7909828424453735
1686,26,22,1.2111865282058716,1.7582932710647583
1687,26,23,1.1681355237960815,1.6952239274978638
1688,26,24,1.1483694314956665,1.0498746633529663
1689,26,25,1.0711731910705566,1.521020531654358
1690,26,26,1.1938276290893555,1.4541041851043701
1691,26,27,1.0053213834762573,1.7660139799118042
1692,26,28,0.9433577656745911,1.7381116151809692
1693,26,29,1.283958911895752,1.4949719905853271
1694,26,30,1.0155470371246338,1.3834034204483032
1695,26,31,1.030539870262146,1.7401268482208252
1696,26,32,1.128103256225586,1.8169585466384888
1697,26,33,0.7943844795227051,1.7435302734375
1698,26,34,0.9681496024131775,1.9050732851028442
1699,26,35,0.5158525705337524,1.8689765930175781
1700,26,36,1.0325924158096313,1.8211095333099365
1701,26,37,0.38976091146469116,1.9257917404174805
1702,26,38,1.1196229457855225,1.9609986543655396
1703,26,39,0.9218823909759521,1.320020318031311
1704,26,40,0.7476697564125061,1.9058412313461304
1705,26,41,0.8588605523109436,1.8276742696762085
1706,26,42,1.0315500497817993,1.7714635133743286
1707,26,43,1.064041256904602,1.858109712600708
1708,26,44,1.1459146738052368,1.9733386039733887
1709,26,45,1.4500305652618408,1.9864002466201782
1710,26,46,1.685010313987732,1.799189567565918
1711,26,47,0.8551603555679321,1.890893578529358
1712,26,48,1.5884864330291748,1.987443208694458
1713,26,49,1.4347261190414429,1.9632270336151123
1714,26,50,1.144602656364441,1.9452507495880127
1715,26,51,1.0776379108428955,1.9932749271392822
1716,26,52,1.366909146308899,1.935561180114746
1717,26,53,1.1526786088943481,1.971051573753357
1718,26,54,1.8364367485046387,1.9915128946304321
1719,26,55,1.978785514831543,1.9974958896636963
1720,26,56,1.9875907897949219,1.9965629577636719
1721,26,57,1.565551519393921,1.9687223434448242
1722,26,58,1.9937493801116943,1.998961329460144
1723,26,59,1.9646437168121338,1.9986821413040161
1724,26,60,1.2985769510269165,1.9488691091537476
1725,26,61,1.886902093887329,1.9868485927581787
1726,26,62,1.448974370956421,1.9829031229019165
1727,26,63,1.2765157222747803,1.9325789213180542
1728,27,0,1.3533596992492676,1.964747428894043
1729,27,1,1.6236592531204224,1.876330852508545
1730,27,2,1.7731918096542358,1.983351707458496
1731,27,3,1.921294093132019,1.9891246557235718
1732,27,4,1.462016224861145,1.9766427278518677
1733,27,5,0.5156863331794739,1.9800598621368408
1734,27,6,0.9766812920570374,1.9062182903289795
1735,27,7,1.141553282737732,1.9604624509811401
1736,27,8,0.682449996471405,1.8816391229629517
1737,27,9,1.1837605237960815,1.9216513633728027
1738,27,10,1.304447889328003,1.9366403818130493
1739,27,11,0.5260711312294006,1.778685450553894
1740,27,12,1.0089412927627563,1.9396575689315796
1741,27,13,1.3097814321517944,1.9680094718933105
1742,27,14,0.7849556803703308,1.7533342838287354
1743,27,15,0.9992308616638184,1.641983151435852
1744,27,16,1.0008013248443604,1.8676013946533203
1745,27,17,1.260650873184204,1.4011574983596802
1746,27,18,1.5940985679626465,1.5493884086608887
1747,27,19,1.026515245437622,1.8697268962860107
1748,27,20,1.4037262201309204,1.7317579984664917
1749,27,21,0.8708723187446594,1.7974787950515747
1750,27,22,1.2097936868667603,1.7671570777893066
1751,27,23,1.1696454286575317,1.7052216529846191
1752,27,24,1.1517478227615356,1.0346238613128662
1753,27,25,1.0599088668823242,1.528286099433899
1754,27,26,1.2034553289413452,1.4708728790283203
1755,27,27,0.9843426942825317,1.7681077718734741
1756,27,28,0.9358260631561279,1.7517178058624268
1757,27,29,1.2745676040649414,1.494803547859192
1758,27,30,1.0029045343399048,1.3539345264434814
1759,27,31,1.0260441303253174,1.7503662109375
1760,27,32,1.1238081455230713,1.8223248720169067
1761,27,33,0.7820248603820801,1.7425998449325562
1762,27,34,0.9677731990814209,1.909765362739563
1763,27,35,0.49383679032325745,1.8771713972091675
1764,27,36,1.022202968597412,1.8095568418502808
1765,27,37,0.3576182425022125,1.9273619651794434
1766,27,38,1.1019716262817383,1.9614009857177734
1767,27,39,0.8780069947242737,1.2153252363204956
1768,27,40,0.7196381092071533,1.915114402770996
1769,27,41,0.8320692181587219,1.8152021169662476
1770,27,42,0.9992886781692505,1.79445481300354
1771,27,43,1.0389639139175415,1.8494627475738525
1772,27,44,1.116984486579895,1.9756215810775757
1773,27,45,1.4151148796081543,1.9875446557998657
1774,27,46,1.6801834106445312,1.8308690786361694
1775,27,47,0.8171876668930054,1.8970189094543457
1776,27,48,1.5746190547943115,1.9877318143844604
1777,27,49,1.4100086688995361,1.966247797012329
1778,27,50,1.1159642934799194,1.9478880167007446
1779,27,51,1.0496220588684082,1.9934748411178589
1780,27,52,1.379331350326538,1.9427578449249268
1781,27,53,1.1218373775482178,1.9725128412246704
1782,27,54,1.833510398864746,1.9921965599060059
1783,27,55,1.9771922826766968,1.997646689414978
1784,27,56,1.9876364469528198,1.9966527223587036
1785,27,57,1.5453013181686401,1.9702092409133911
1786,27,58,1.9939866065979004,1.9990029335021973
1787,27,59,1.9669979810714722,1.9986598491668701
1788,27,60,1.2824680805206299,1.9470670223236084
1789,27,61,1.8814787864685059,1.9886889457702637
1790,27,62,1.4291313886642456,1.9844954013824463
1791,27,63,1.2689980268478394,1.9311649799346924
1792,28,0,1.3207639455795288,1.9691200256347656
1793,28,1,1.619673728942871,1.9038695096969604
1794,28,2,1.7756632566452026,1.982686996459961
1795,28,3,1.9231823682785034,1.9890133142471313
1796,28,4,1.4455626010894775,1.9777101278305054
1797,28,5,0.49200013279914856,1.9813584089279175
1798,28,6,0.9314560890197754,1.9153555631637573
1799,28,7,1.0905718803405762,1.961334466934204
1800,28,8,0.652633786201477,1.8814022541046143
1801,28,9,1.1591843366622925,1.929142951965332
1802,28,10,1.2990802526474,1.9434771537780762
1803,28,11,0.511404275894165,1.76240074634552
1804,28,12,1.0104621648788452,1.93733811378479
1805,28,13,1.2938047647476196,1.9696353673934937
1806,28,14,0.7696352005004883,1.741842269897461
1807,28,15,0.9914466142654419,1.6110948324203491
1808,28,16,0.9887759685516357,1.8712475299835205
1809,28,17,1.2717883586883545,1.3863593339920044
1810,28,18,1.5980464220046997,1.5466233491897583
1811,28,19,1.0158971548080444,1.875166893005371
1812,28,20,1.4053908586502075,1.7389689683914185
1813,28,21,0.8590894341468811,1.8035640716552734
1814,28,22,1.2081694602966309,1.7754011154174805
1815,28,23,1.1753571033477783,1.7141098976135254
1816,28,24,1.1568257808685303,1.0184149742126465
1817,28,25,1.0537430047988892,1.5352481603622437
1818,28,26,1.2161232233047485,1.4884823560714722
1819,28,27,0.965542733669281,1.7690140008926392
1820,28,28,0.9199033379554749,1.764644980430603
1821,28,29,1.2716468572616577,1.495227575302124
1822,28,30,0.9953721165657043,1.3231744766235352
1823,28,31,1.0250320434570312,1.759980320930481
1824,28,32,1.1221061944961548,1.8275855779647827
1825,28,33,0.7685098052024841,1.738368034362793
1826,28,34,0.9729496240615845,1.913576602935791
1827,28,35,0.4776356518268585,1.8841776847839355
1828,28,36,1.0107399225234985,1.7951483726501465
1829,28,37,0.3235136866569519,1.927122950553894
1830,28,38,1.0769600868225098,1.9610708951950073
1831,28,39,0.8360570073127747,1.0952649116516113
1832,28,40,0.684417724609375,1.9226871728897095
1833,28,41,0.8011500239372253,1.7987782955169678
1834,28,42,0.9734878540039062,1.8100529909133911
1835,28,43,1.007685899734497,1.836159586906433
1836,28,44,1.0831828117370605,1.9766656160354614
1837,28,45,1.3728694915771484,1.988340973854065
1838,28,46,1.6657074689865112,1.8596909046173096
1839,28,47,0.7681683897972107,1.898598313331604
1840,28,48,1.5527102947235107,1.9879869222640991
1841,28,49,1.409752607345581,1.9687554836273193
1842,28,50,1.077565312385559,1.947770595550537
1843,28,51,1.0334936380386353,1.9935227632522583
1844,28,52,1.3579356670379639,1.9499132633209229
1845,28,53,1.0861643552780151,1.9734423160552979
1846,28,54,1.8262072801589966,1.9927176237106323
1847,28,55,1.9739993810653687,1.9977813959121704
1848,28,56,1.987215280532837,1.9966539144515991
1849,28,57,1.5495789051055908,1.9712837934494019
1850,28,58,1.9942798614501953,1.9990403652191162
1851,28,59,1.9694665670394897,1.9986345767974854
1852,28,60,1.2760015726089478,1.9463456869125366
1853,28,61,1.8815950155258179,1.9896252155303955
1854,28,62,1.4311325550079346,1.985884189605713
1855,28,63,1.2517645359039307,1.9284120798110962
1856,29,0,1.291186809539795,1.9720439910888672
1857,29,1,1.6279090642929077,1.9231083393096924
1858,29,2,1.7667104005813599,1.9824750423431396
1859,29,3,1.9221545457839966,1.988951325416565
1860,29,4,1.4192492961883545,1.9778932332992554
1861,29,5,0.4608703851699829,1.9819164276123047
1862,29,6,0.8989089727401733,1.9227193593978882
1863,29,7,1.0458287000656128,1.9615839719772339
1864,29,8,0.6185320615768433,1.8764712810516357
1865,29,9,1.1474279165267944,1.9345842599868774
1866,29,10,1.2957994937896729,1.9489187002182007
1867,29,11,0.49451813101768494,1.7420226335525513
1868,29,12,1.0160272121429443,1.9342221021652222
1869,29,13,1.2814849615097046,1.9711267948150635
1870,29,14,0.7533547878265381,1.7269891500473022
1871,29,15,0.9859015941619873,1.5728862285614014
1872,29,16,0.977281391620636,1.873928427696228
1873,29,17,1.2791193723678589,1.3696256875991821
1874,29,18,1.600128173828125,1.5415246486663818
1875,29,19,1.001412272453308,1.8795689344406128
1876,29,20,1.4086121320724487,1.744920015335083
1877,29,21,0.8481744527816772,1.808413028717041
1878,29,22,1.2067984342575073,1.7825393676757812
1879,29,23,1.1855632066726685,1.7222425937652588
1880,29,24,1.1661874055862427,1.0023282766342163
1881,29,25,1.0431013107299805,1.5407791137695312
1882,29,26,1.227315068244934,1.5050488710403442
1883,29,27,0.9470241069793701,1.768263578414917
1884,29,28,0.9069732427597046,1.775353193283081
1885,29,29,1.261765480041504,1.4939603805541992
1886,29,30,0.9856628775596619,1.2859389781951904
1887,29,31,1.0233527421951294,1.7677254676818848
1888,29,32,1.1223458051681519,1.831477403640747
1889,29,33,0.7567855715751648,1.7343170642852783
1890,29,34,0.9750614762306213,1.9168219566345215
1891,29,35,0.45635291934013367,1.8891650438308716
1892,29,36,0.9970609545707703,1.7777687311172485
1893,29,37,0.29450687766075134,1.9270819425582886
1894,29,38,1.050399661064148,1.9603620767593384
1895,29,39,0.7895337343215942,0.9683921337127686
1896,29,40,0.6555806994438171,1.930351734161377
1897,29,41,0.7694719433784485,1.7789242267608643
1898,29,42,0.9343552589416504,1.8293609619140625
1899,29,43,0.9803571105003357,1.824337363243103
1900,29,44,1.0521866083145142,1.978588581085205
1901,29,45,1.3317642211914062,1.9888920783996582
1902,29,46,1.661912202835083,1.881790041923523
1903,29,47,0.7330756187438965,1.9053603410720825
1904,29,48,1.531654953956604,1.98790442943573
1905,29,49,1.3809901475906372,1.9703394174575806
1906,29,50,1.0543018579483032,1.9499785900115967
1907,29,51,0.9969907999038696,1.9933860301971436
1908,29,52,1.374297022819519,1.9547356367111206
1909,29,53,1.0473642349243164,1.97428297996521
1910,29,54,1.822556734085083,1.9929941892623901
1911,29,55,1.9716157913208008,1.9978091716766357
1912,29,56,1.9867260456085205,1.9966381788253784
1913,29,57,1.5255076885223389,1.9712955951690674
1914,29,58,1.9940563440322876,1.9990160465240479
1915,29,59,1.9696868658065796,1.998531460762024
1916,29,60,1.2500457763671875,1.9423134326934814
1917,29,61,1.8722575902938843,1.9908961057662964
1918,29,62,1.4043723344802856,1.986889123916626
1919,29,63,1.2400444746017456,1.9255870580673218
1920,30,0,1.255385398864746,1.974554181098938
1921,30,1,1.6242344379425049,1.9388600587844849
1922,30,2,1.7705641984939575,1.9817270040512085
1923,30,3,1.9240024089813232,1.9888192415237427
1924,30,4,1.4014748334884644,1.9785404205322266
1925,30,5,0.4375227391719818,1.9827697277069092
1926,30,6,0.8623688817024231,1.9297937154769897
1927,30,7,0.9948457479476929,1.9621777534484863
1928,30,8,0.5941785573959351,1.8752387762069702
1929,30,9,1.1255152225494385,1.9400795698165894
1930,30,10,1.289696455001831,1.954018235206604
1931,30,11,0.480658620595932,1.720923662185669
1932,30,12,1.0164251327514648,1.9307705163955688
1933,30,13,1.2654021978378296,1.972426176071167
1934,30,14,0.7369881868362427,1.7126245498657227
1935,30,15,0.9761359691619873,1.5343339443206787
1936,30,16,0.9672006964683533,1.8770809173583984
1937,30,17,1.290348768234253,1.3526649475097656
1938,30,18,1.6028021574020386,1.5369393825531006
1939,30,19,0.9880272150039673,1.8837515115737915
1940,30,20,1.4092756509780884,1.7501338720321655
1941,30,21,0.8372940421104431,1.8134037256240845
1942,30,22,1.2028018236160278,1.7895190715789795
1943,30,23,1.1932191848754883,1.7300611734390259
1944,30,24,1.1742583513259888,0.9854887127876282
1945,30,25,1.0352933406829834,1.5463693141937256
1946,30,26,1.2375612258911133,1.5221061706542969
1947,30,27,0.9276981949806213,1.7680408954620361
1948,30,28,0.8933798670768738,1.786149263381958
1949,30,29,1.25676429271698,1.4933421611785889
1950,30,30,0.9777771234512329,1.2510321140289307
1951,30,31,1.0225749015808105,1.7757426500320435
1952,30,32,1.12027108669281,1.8356398344039917
1953,30,33,0.7435559630393982,1.729848861694336
1954,30,34,0.9758532047271729,1.9196580648422241
1955,30,35,0.43965238332748413,1.8944772481918335
1956,30,36,0.9868820309638977,1.7587618827819824
1957,30,37,0.2683584988117218,1.926701307296753
1958,30,38,1.0278080701828003,1.9595471620559692
1959,30,39,0.7488173842430115,0.8430380821228027
1960,30,40,0.6258057951927185,1.936577320098877
1961,30,41,0.7416393160820007,1.7574950456619263
1962,30,42,0.9063762426376343,1.8421128988265991
1963,30,43,0.9531945586204529,1.8082870244979858
1964,30,44,1.019753336906433,1.9795781373977661
1965,30,45,1.289250135421753,1.989511251449585
1966,30,46,1.6447532176971436,1.9022209644317627
1967,30,47,0.6885882616043091,1.906001329421997
1968,30,48,1.5071499347686768,1.987970232963562
1969,30,49,1.3841297626495361,1.972403883934021
1970,30,50,1.0188771486282349,1.9492207765579224
1971,30,51,0.9840673208236694,1.9933279752731323
1972,30,52,1.350549340248108,1.9601284265518188
1973,30,53,1.0114160776138306,1.9749650955200195
1974,30,54,1.8150522708892822,1.9933490753173828
1975,30,55,1.9672445058822632,1.997895359992981
1976,30,56,1.9860811233520508,1.9966058731079102
1977,30,57,1.532727837562561,1.972563624382019
1978,30,58,1.9942065477371216,1.9990248680114746
1979,30,59,1.9715849161148071,1.9984705448150635
1980,30,60,1.2444308996200562,1.9408693313598633
1981,30,61,1.8710668087005615,1.991430640220642
1982,30,62,1.408240795135498,1.987837553024292
1983,30,63,1.2269986867904663,1.922036051750183
1984,31,0,1.2168160676956177,1.977683186531067
1985,31,1,1.6296659708023071,1.9521926641464233
1986,31,2,1.7561980485916138,1.9811464548110962
1987,31,3,1.9209141731262207,1.9885886907577515
1988,31,4,1.3688417673110962,1.9789365530014038
1989,31,5,0.41045081615448,1.9834867715835571
1990,31,6,0.8248448967933655,1.9363658428192139
1991,31,7,0.9348586201667786,1.9622063636779785
1992,31,8,0.5599117875099182,1.870357632637024
1993,31,9,1.0977320671081543,1.9444215297698975
1994,31,10,1.2849745750427246,1.9587892293930054
1995,31,11,0.46600404381752014,1.6952756643295288
1996,31,12,1.0231759548187256,1.92681086063385
1997,31,13,1.25110924243927,1.9737615585327148
1998,31,14,0.7212852239608765,1.696099877357483
1999,31,15,0.9661582112312317,1.4914034605026245
2000,31,16,0.956109881401062,1.8797729015350342
2001,31,17,1.3003628253936768,1.3360570669174194
2002,31,18,1.6042989492416382,1.5319445133209229
2003,31,19,0.9762316346168518,1.8881604671478271
2004,31,20,1.4113529920578003,1.7555662393569946
2005,31,21,0.8253996968269348,1.8184397220611572
2006,31,22,1.2008442878723145,1.796837329864502
2007,31,23,1.1981139183044434,1.7382540702819824
2008,31,24,1.1809086799621582,0.9678277373313904
2009,31,25,1.0250270366668701,1.5522438287734985
2010,31,26,1.2478902339935303,1.5388370752334595
2011,31,27,0.9072757363319397,1.7682960033416748
2012,31,28,0.8779007196426392,1.7963948249816895
2013,31,29,1.2465195655822754,1.4930452108383179
2014,31,30,0.965229868888855,1.2134816646575928
2015,31,31,1.0206785202026367,1.7832003831863403
2016,31,32,1.119070053100586,1.8398065567016602
2017,31,33,0.7316074967384338,1.7246907949447632
2018,31,34,0.9793190360069275,1.922472357749939
2019,31,35,0.42233648896217346,1.899204134941101
2020,31,36,0.9724427461624146,1.7376443147659302
2021,31,37,0.24196307361125946,1.9258443117141724
2022,31,38,1.001273274421692,1.9586524963378906
2023,31,39,0.698767900466919,0.7190554141998291
2024,31,40,0.5968623757362366,1.9424171447753906
2025,31,41,0.7087089419364929,1.7312599420547485
2026,31,42,0.8743516206741333,1.8597776889801025
2027,31,43,0.9214390516281128,1.7921061515808105
2028,31,44,0.9808096289634705,1.9808629751205444
2029,31,45,1.2318874597549438,1.9900575876235962
2030,31,46,1.6344090700149536,1.9188967943191528
2031,31,47,0.6343169212341309,1.9112060070037842
2032,31,48,1.4810256958007812,1.9880318641662598
2033,31,49,1.34263014793396,1.9739830493927002
2034,31,50,0.9867932200431824,1.9510304927825928
2035,31,51,0.9435104727745056,1.9932043552398682
2036,31,52,1.3698110580444336,1.964158058166504
2037,31,53,0.9693921804428101,1.975419521331787
2038,31,54,1.8091058731079102,1.993737816810608
2039,31,55,1.9634126424789429,1.9979286193847656
2040,31,56,1.9855605363845825,1.9965757131576538
2041,31,57,1.4963066577911377,1.9725056886672974
2042,31,58,1.9941767454147339,1.9990184307098389
2043,31,59,1.9722154140472412,1.998355507850647
2044,31,60,1.218899130821228,1.9351414442062378
2045,31,61,1.8599351644515991,1.9922685623168945
2046,31,62,1.3789867162704468,1.9887690544128418
2047,31,63,1.217271089553833,1.917249083518982
2048,32,0,1.176367163658142,1.9792691469192505
2049,32,1,1.6246026754379272,1.961228847503662
2050,32,2,1.7569513320922852,1.9802148342132568
2051,32,3,1.9213802814483643,1.9882359504699707
2052,32,4,1.349591851234436,1.9792371988296509
2053,32,5,0.38952183723449707,1.9839824438095093
2054,32,6,0.7917402386665344,1.9419680833816528
2055,32,7,0.8853180408477783,1.9622608423233032
2056,32,8,0.53639155626297,1.8670791387557983
2057,32,9,1.0761042833328247,1.9484789371490479
2058,32,10,1.2781014442443848,1.9624756574630737
2059,32,11,0.4520198702812195,1.667691946029663
2060,32,12,1.0246096849441528,1.9219287633895874
2061,32,13,1.2359098196029663,1.9746657609939575
2062,32,14,0.7095018625259399,1.6787805557250977
2063,32,15,0.9592494964599609,1.445130467414856
2064,32,16,0.945232629776001,1.8819000720977783
2065,32,17,1.3119317293167114,1.318521499633789
2066,32,18,1.6065212488174438,1.5261939764022827
2067,32,19,0.9634930491447449,1.8917591571807861
2068,32,20,1.4133857488632202,1.7597895860671997
2069,32,21,0.8167864680290222,1.8227301836013794
2070,32,22,1.1960197687149048,1.803331732749939
2071,32,23,1.201521396636963,1.7451978921890259
2072,32,24,1.1882463693618774,0.9496080875396729
2073,32,25,1.0141065120697021,1.557108759880066
2074,32,26,1.2588245868682861,1.5556328296661377
2075,32,27,0.8906104564666748,1.7672905921936035
2076,32,28,0.8641678094863892,1.8057581186294556
2077,32,29,1.2403066158294678,1.491925835609436
2078,32,30,0.9560752511024475,1.1761385202407837
2079,32,31,1.0191235542297363,1.7903742790222168
2080,32,32,1.1152669191360474,1.8433653116226196
2081,32,33,0.7161774635314941,1.718304991722107
2082,32,34,0.9782304763793945,1.924250602722168
2083,32,35,0.40592676401138306,1.9027554988861084
2084,32,36,0.9601243138313293,1.713581919670105
2085,32,37,0.220214381814003,1.9245128631591797
2086,32,38,0.9747279286384583,1.9571397304534912
2087,32,39,0.6589974164962769,0.6056556701660156
2088,32,40,0.5717017650604248,1.947195291519165
2089,32,41,0.6829484701156616,1.7015975713729858
2090,32,42,0.8461833596229553,1.8689303398132324
2091,32,43,0.8930789828300476,1.7712547779083252
2092,32,44,0.9520018100738525,1.9815391302108765
2093,32,45,1.1840758323669434,1.990527868270874
2094,32,46,1.6145188808441162,1.9322912693023682
2095,32,47,0.5920348167419434,1.91061270236969
2096,32,48,1.449603796005249,1.9879212379455566
2097,32,49,1.3419791460037231,1.9756486415863037
2098,32,50,0.9547850489616394,1.949525237083435
2099,32,51,0.9328785538673401,1.9930980205535889
2100,32,52,1.347028374671936,1.967746615409851
2101,32,53,0.9348065257072449,1.9757014513015747
2102,32,54,1.7993074655532837,1.9940069913864136
2103,32,55,1.9564210176467896,1.9979811906814575
2104,32,56,1.9843863248825073,1.9965046644210815
2105,32,57,1.5010141134262085,1.9734447002410889
2106,32,58,1.9941381216049194,1.999009370803833
2107,32,59,1.9734623432159424,1.9982315301895142
2108,32,60,1.2146735191345215,1.9313405752182007
2109,32,61,1.85444176197052,1.9923017024993896
2110,32,62,1.3791863918304443,1.9893479347229004
2111,32,63,1.2054483890533447,1.9108644723892212
2112,33,0,1.1295771598815918,1.9814794063568115
2113,33,1,1.624555230140686,1.9696584939956665
2114,33,2,1.744810938835144,1.9789007902145386
2115,33,3,1.918453335762024,1.9876046180725098
2116,33,4,1.3124343156814575,1.9794039726257324
2117,33,5,0.3682561218738556,1.9844191074371338
2118,33,6,0.7509984970092773,1.9466471672058105
2119,33,7,0.8190329670906067,1.9616085290908813
2120,33,8,0.5093403458595276,1.8617279529571533
2121,33,9,1.0427321195602417,1.9515409469604492
2122,33,10,1.2721328735351562,1.966025710105896
2123,33,11,0.44122904539108276,1.6335290670394897
2124,33,12,1.0278016328811646,1.9159185886383057
2125,33,13,1.2187528610229492,1.9753782749176025
2126,33,14,0.694231390953064,1.6573432683944702
2127,33,15,0.9468638896942139,1.392415165901184
2128,33,16,0.9353302717208862,1.8832290172576904
2129,33,17,1.3220360279083252,1.298812747001648
2130,33,18,1.6068228483200073,1.5191210508346558
2131,33,19,0.951755166053772,1.8948720693588257
2132,33,20,1.4130134582519531,1.7632492780685425
2133,33,21,0.8057981133460999,1.8261761665344238
2134,33,22,1.1943279504776,1.8090760707855225
2135,33,23,1.2073266506195068,1.7517369985580444
2136,33,24,1.193805456161499,0.9313063621520996
2137,33,25,0.9987356066703796,1.5614489316940308
2138,33,26,1.2672663927078247,1.571520209312439
2139,33,27,0.8699573278427124,1.7659603357315063
2140,33,28,0.8501058220863342,1.814170241355896
2141,33,29,1.227946400642395,1.4909162521362305
2142,33,30,0.9424620866775513,1.1337226629257202
2143,33,31,1.0169912576675415,1.7959481477737427
2144,33,32,1.1134142875671387,1.8461507558822632
2145,33,33,0.7048891186714172,1.7109354734420776
2146,33,34,0.9836049675941467,1.9258953332901
2147,33,35,0.3938509225845337,1.9062529802322388
2148,33,36,0.9474163055419922,1.6852352619171143
2149,33,37,0.19995857775211334,1.9222837686538696
2150,33,38,0.9508933424949646,1.9554462432861328
2151,33,39,0.6139600276947021,0.4983767569065094
2152,33,40,0.5442023873329163,1.9510010480880737
2153,33,41,0.6511505246162415,1.6647002696990967
2154,33,42,0.8184293508529663,1.8817930221557617
2155,33,43,0.8600122928619385,1.747077226638794
2156,33,44,0.9076589941978455,1.9820868968963623
2157,33,45,1.1204742193222046,1.9908862113952637
2158,33,46,1.594689965248108,1.943525791168213
2159,33,47,0.5376708507537842,1.9124983549118042
2160,33,48,1.4177093505859375,1.9877994060516357
2161,33,49,1.307677149772644,1.9766823053359985
2162,33,50,0.9156557321548462,1.9493566751480103
2163,33,51,0.9009249806404114,1.9928112030029297
2164,33,52,1.351844072341919,1.9708486795425415
2165,33,53,0.8905087113380432,1.975447416305542
2166,33,54,1.7901901006698608,1.9942156076431274
2167,33,55,1.949778437614441,1.9979652166366577
2168,33,56,1.9835691452026367,1.9963655471801758
2169,33,57,1.4743770360946655,1.9735305309295654
2170,33,58,1.994114875793457,1.9989829063415527
2171,33,59,1.9742932319641113,1.9980518817901611
2172,33,60,1.1954784393310547,1.9258332252502441
2173,33,61,1.845615029335022,1.9927185773849487
2174,33,62,1.3610926866531372,1.9899543523788452
2175,33,63,1.1957347393035889,1.9043619632720947
2176,34,0,1.0814286470413208,1.9834717512130737
2177,34,1,1.6211891174316406,1.9760218858718872
2178,34,2,1.734486699104309,1.9773470163345337
2179,34,3,1.9155631065368652,1.9868217706680298
2180,34,4,1.2809507846832275,1.9795910120010376
2181,34,5,0.34720367193222046,1.984863042831421
2182,34,6,0.7119714021682739,1.9512343406677246
2183,34,7,0.7601450681686401,1.9609209299087524
2184,34,8,0.48142558336257935,1.8568533658981323
2185,34,9,1.0082813501358032,1.954995036125183
2186,34,10,1.265609860420227,1.9692538976669312
2187,34,11,0.4294741749763489,1.5954700708389282
2188,34,12,1.0336977243423462,1.908877968788147
2189,34,13,1.2025606632232666,1.9760609865188599
2190,34,14,0.6800312399864197,1.6350537538528442
2191,34,15,0.9380617737770081,1.3370317220687866
2192,34,16,0.9232592582702637,1.8845536708831787
2193,34,17,1.3345121145248413,1.2789427042007446
2194,34,18,1.6086875200271606,1.5112820863723755
2195,34,19,0.9405085444450378,1.8976370096206665
2196,34,20,1.4127154350280762,1.7658697366714478
2197,34,21,0.7970449328422546,1.8290832042694092
2198,34,22,1.191635012626648,1.814558506011963
2199,34,23,1.2104038000106812,1.7573243379592896
2200,34,24,1.2008432149887085,0.9121492505073547
2201,34,25,0.9868685603141785,1.5657860040664673
2202,34,26,1.2796927690505981,1.5869566202163696
2203,34,27,0.8536537885665894,1.7647911310195923
2204,34,28,0.8384576439857483,1.822014570236206
2205,34,29,1.2206369638442993,1.4888015985488892
2206,34,30,0.9310960173606873,1.0922352075576782
2207,34,31,1.0151381492614746,1.8014330863952637
2208,34,32,1.109420657157898,1.848548412322998
2209,34,33,0.6930265426635742,1.7015517950057983
2210,34,34,0.985686719417572,1.9270522594451904
2211,34,35,0.38007810711860657,1.9091635942459106
2212,34,36,0.9322142004966736,1.6549426317214966
2213,34,37,0.18012583255767822,1.9192768335342407
2214,34,38,0.9245098829269409,1.9530962705612183
2215,34,39,0.5720898509025574,0.4046255648136139
2216,34,40,0.5189470052719116,1.954738736152649
2217,34,41,0.6254020929336548,1.6247237920761108
2218,34,42,0.796308159828186,1.892199993133545
2219,34,43,0.82840895652771,1.719889521598816
2220,34,44,0.8706830739974976,1.982329249382019
2221,34,45,1.055718183517456,1.9912526607513428
2222,34,46,1.5709365606307983,1.9531331062316895
2223,34,47,0.48717188835144043,1.9133472442626953
2224,34,48,1.3833770751953125,1.9876583814620972
2225,34,49,1.2814439535140991,1.9779915809631348
2226,34,50,0.8803403377532959,1.9487965106964111
2227,34,51,0.879862368106842,1.992590069770813
2228,34,52,1.349473237991333,1.9738702774047852
2229,34,53,0.8492778539657593,1.9754048585891724
2230,34,54,1.7804338932037354,1.994485855102539
2231,34,55,1.9416444301605225,1.9979888200759888
2232,34,56,1.9826195240020752,1.9962348937988281
2233,34,57,1.4506813287734985,1.9737417697906494
2234,34,58,1.9942307472229004,1.9989731311798096
2235,34,59,1.9754185676574707,1.9978927373886108
2236,34,60,1.180090308189392,1.9197590351104736
2237,34,61,1.8376166820526123,1.9928821325302124
2238,34,62,1.3510836362838745,1.9905978441238403
2239,34,63,1.1842997074127197,1.896490454673767
2240,35,0,1.0331510305404663,1.9850455522537231
2241,35,1,1.6165131330490112,1.980737328529358
2242,35,2,1.7219101190567017,1.9752815961837769
2243,35,3,1.9103503227233887,1.9856940507888794
2244,35,4,1.246890664100647,1.9796769618988037
2245,35,5,0.33095481991767883,1.9852010011672974
2246,35,6,0.6720245480537415,1.9552128314971924
2247,35,7,0.7034959197044373,1.959810495376587
2248,35,8,0.4571641683578491,1.851163625717163
2249,35,9,0.9715765118598938,1.9575375318527222
2250,35,10,1.257333755493164,1.9719116687774658
2251,35,11,0.4203556776046753,1.5544073581695557
2252,35,12,1.0379494428634644,1.9008091688156128
2253,35,13,1.1804388761520386,1.9764524698257446
2254,35,14,0.6654900312423706,1.6115211248397827
2255,35,15,0.9278610348701477,1.2811740636825562
2256,35,16,0.9103493690490723,1.885903239250183
2257,35,17,1.3451762199401855,1.26153564453125
2258,35,18,1.610577940940857,1.5046581029891968
2259,35,19,0.9311912059783936,1.900734543800354
2260,35,20,1.411482572555542,1.7683095932006836
2261,35,21,0.7873731255531311,1.8323285579681396
2262,35,22,1.1883602142333984,1.820189118385315
2263,35,23,1.2147352695465088,1.7630826234817505
2264,35,24,1.2071967124938965,0.8921036720275879
2265,35,25,0.9715707302093506,1.5705537796020508
2266,35,26,1.2894701957702637,1.602159023284912
2267,35,27,0.8353509902954102,1.763559103012085
2268,35,28,0.8234253525733948,1.829904556274414
2269,35,29,1.2122325897216797,1.4868322610855103
2270,35,30,0.921934962272644,1.053525686264038
2271,35,31,1.0141191482543945,1.807138204574585
2272,35,32,1.1071910858154297,1.8511943817138672
2273,35,33,0.6796697974205017,1.6930028200149536
2274,35,34,0.9886823892593384,1.9281752109527588
2275,35,35,0.36944466829299927,1.9117549657821655
2276,35,36,0.921098530292511,1.6223548650741577
2277,35,37,0.1623922884464264,1.9161229133605957
2278,35,38,0.8989768028259277,1.9504965543746948
2279,35,39,0.5302566289901733,0.3251197338104248
2280,35,40,0.49250099062919617,1.9577136039733887
2281,35,41,0.5990691184997559,1.5807548761367798
2282,35,42,0.7757819890975952,1.901020884513855
2283,35,43,0.7948086857795715,1.6887825727462769
2284,35,44,0.8271441459655762,1.982303261756897
2285,35,45,0.9895135164260864,1.9915410280227661
2286,35,46,1.5424649715423584,1.9606837034225464
2287,35,47,0.43713027238845825,1.9129188060760498
2288,35,48,1.3462955951690674,1.987419605255127
2289,35,49,1.2522698640823364,1.9790167808532715
2290,35,50,0.8423597812652588,1.9468730688095093
2291,35,51,0.856388509273529,1.992308259010315
2292,35,52,1.339438557624817,1.9762797355651855
2293,35,53,0.8040129542350769,1.974808931350708
2294,35,54,1.7660292387008667,1.994723916053772
2295,35,55,1.9299888610839844,1.9979783296585083
2296,35,56,1.9810453653335571,1.9960123300552368
2297,35,57,1.4273793697357178,1.9733643531799316
2298,35,58,1.9942609071731567,1.9989503622055054
2299,35,59,1.9760262966156006,1.9976588487625122
2300,35,60,1.1646732091903687,1.9114075899124146
2301,35,61,1.8277099132537842,1.9927985668182373
2302,35,62,1.339889645576477,1.991063117980957
2303,35,63,1.1721493005752563,1.8862974643707275
2304,36,0,0.9822871088981628,1.9864143133163452
2305,36,1,1.6090261936187744,1.9845101833343506
2306,36,2,1.708877682685852,1.9729419946670532
2307,36,3,1.9043858051300049,1.9843415021896362
2308,36,4,1.2122536897659302,1.97960364818573
2309,36,5,0.3152228891849518,1.9853969812393188
2310,36,6,0.6315346360206604,1.9587403535842896
2311,36,7,0.6440903544425964,1.9581210613250732
2312,36,8,0.43396708369255066,1.8450596332550049
2313,36,9,0.9302467703819275,1.9598509073257446
2314,36,10,1.2512023448944092,1.9742298126220703
2315,36,11,0.4114098846912384,1.5088142156600952
2316,36,12,1.0448980331420898,1.8906538486480713
2317,36,13,1.1601247787475586,1.9764811992645264
2318,36,14,0.6536529064178467,1.5852878093719482
2319,36,15,0.9179197549819946,1.2200069427490234
2320,36,16,0.9003689885139465,1.8864388465881348
2321,36,17,1.3587651252746582,1.2417221069335938
2322,36,18,1.611336588859558,1.4955946207046509
2323,36,19,0.9200950860977173,1.902584195137024
2324,36,20,1.4123345613479614,1.769089937210083
2325,36,21,0.7805045247077942,1.8339701890945435
2326,36,22,1.1892305612564087,1.8242229223251343
2327,36,23,1.2154642343521118,1.767438530921936
2328,36,24,1.2149114608764648,0.8717116117477417
2329,36,25,0.9587367177009583,1.573777675628662
2330,36,26,1.2993119955062866,1.6156951189041138
2331,36,27,0.8183901906013489,1.7618316411972046
2332,36,28,0.8087817430496216,1.8364440202713013
2333,36,29,1.2056326866149902,1.482731819152832
2334,36,30,0.912676215171814,1.0146842002868652
2335,36,31,1.0138047933578491,1.8115181922912598
2336,36,32,1.1032150983810425,1.8524171113967896
2337,36,33,0.6675386428833008,1.6824060678482056
2338,36,34,0.9908043146133423,1.9282666444778442
2339,36,35,0.3592309057712555,1.913926362991333
2340,36,36,0.9102192521095276,1.585690975189209
2341,36,37,0.14658048748970032,1.9122930765151978
2342,36,38,0.8709889650344849,1.9470911026000977
2343,36,39,0.4918636679649353,0.2585926055908203
2344,36,40,0.4690605700016022,1.9605069160461426
2345,36,41,0.5739744901657104,1.5307697057724
2346,36,42,0.759771466255188,1.908767580986023
2347,36,43,0.763030469417572,1.6539661884307861
2348,36,44,0.7873838543891907,1.9820181131362915
2349,36,45,0.9213904738426208,1.9917662143707275
2350,36,46,1.509435772895813,1.9669289588928223
2351,36,47,0.38735735416412354,1.9129997491836548
2352,36,48,1.3059989213943481,1.9869858026504517
2353,36,49,1.2233991622924805,1.9801493883132935
2354,36,50,0.8060317039489746,1.9449963569641113
2355,36,51,0.8386932015419006,1.9920035600662231
2356,36,52,1.3302992582321167,1.9784009456634521
2357,36,53,0.7636784315109253,1.9742895364761353
2358,36,54,1.7517852783203125,1.9949860572814941
2359,36,55,1.9156079292297363,1.9979647397994995
2360,36,56,1.979554295539856,1.9957585334777832
2361,36,57,1.401049017906189,1.9732977151870728
2362,36,58,1.9943033456802368,1.9989248514175415
2363,36,59,1.9768353700637817,1.997390866279602
2364,36,60,1.1523102521896362,1.9014062881469727
2365,36,61,1.815025806427002,1.9926949739456177
2366,36,62,1.329859733581543,1.991506576538086
2367,36,63,1.1641017198562622,1.8745888471603394
2368,37,0,0.9255827069282532,1.9880735874176025
2369,37,1,1.603871464729309,1.987737774848938
2370,37,2,1.6823183298110962,1.9698728322982788
2371,37,3,1.8941277265548706,1.982531189918518
2372,37,4,1.170805811882019,1.9795300960540771
2373,37,5,0.29787930846214294,1.9855644702911377
2374,37,6,0.5910876393318176,1.9620978832244873
2375,37,7,0.5853973627090454,1.956127643585205
2376,37,8,0.4070601761341095,1.8380428552627563
2377,37,9,0.8778042197227478,1.9621450901031494
2378,37,10,1.2431832551956177,1.9765677452087402
2379,37,11,0.4009920358657837,1.454724907875061
2380,37,12,1.053462266921997,1.8788942098617554
2381,37,13,1.1366697549819946,1.9765936136245728
2382,37,14,0.6380211710929871,1.5560551881790161
2383,37,15,0.904502272605896,1.1558315753936768
2384,37,16,0.8870792388916016,1.8868787288665771
2385,37,17,1.3728585243225098,1.2226521968841553
2386,37,18,1.6116851568222046,1.4863362312316895
2387,37,19,0.9132358431816101,1.9046638011932373
2388,37,20,1.4115445613861084,1.7696936130523682
2389,37,21,0.7719103693962097,1.835681676864624
2390,37,22,1.185678243637085,1.828347086906433
2391,37,23,1.214023470878601,1.771652102470398
2392,37,24,1.2220218181610107,0.8507813811302185
2393,37,25,0.9442213773727417,1.5772241353988647
2394,37,26,1.3107050657272339,1.6293036937713623
2395,37,27,0.7995966076850891,1.7602134943008423
2396,37,28,0.7951167225837708,1.8430010080337524
2397,37,29,1.2002179622650146,1.4786007404327393
2398,37,30,0.8998615145683289,0.9740344882011414
2399,37,31,1.0125601291656494,1.815838098526001
2400,37,32,1.0980870723724365,1.8533902168273926
2401,37,33,0.6535263657569885,1.6701551675796509
2402,37,34,0.9921825528144836,1.9282163381576538
2403,37,35,0.3486935496330261,1.9155018329620361
2404,37,36,0.8951113820075989,1.546624779701233
2405,37,37,0.13047800958156586,1.9072675704956055
2406,37,38,0.8428530693054199,1.9431743621826172
2407,37,39,0.4508145749568939,0.20262889564037323
2408,37,40,0.44369760155677795,1.963105320930481
2409,37,41,0.5524150133132935,1.4754292964935303
2410,37,42,0.7450758814811707,1.9173827171325684
2411,37,43,0.7271406054496765,1.6148829460144043
2412,37,44,0.7458038926124573,1.98157799243927
2413,37,45,0.8461256623268127,1.992018222808838
2414,37,46,1.4752111434936523,1.9723224639892578
2415,37,47,0.3367749750614166,1.9138048887252808
2416,37,48,1.2642070055007935,1.986640214920044
2417,37,49,1.170696496963501,1.9812871217727661
2418,37,50,0.7732653021812439,1.9438875913619995
2419,37,51,0.8129960894584656,1.9916843175888062
2420,37,52,1.3372461795806885,1.9802922010421753
2421,37,53,0.7222404479980469,1.9734560251235962
2422,37,54,1.7366490364074707,1.9952956438064575
2423,37,55,1.8998125791549683,1.997948169708252
2424,37,56,1.9781605005264282,1.9954767227172852
2425,37,57,1.349776029586792,1.9728277921676636
2426,37,58,1.9944863319396973,1.998905062675476
2427,37,59,1.977464199066162,1.9970793724060059
2428,37,60,1.1328339576721191,1.888210415840149
2429,37,61,1.7987761497497559,1.9924708604812622
2430,37,62,1.3098489046096802,1.9919825792312622
2431,37,63,1.1550675630569458,1.8598706722259521
2432,38,0,0.8668920993804932,1.9888746738433838
2433,38,1,1.5920687913894653,1.989994764328003
2434,38,2,1.6592237949371338,1.9654690027236938
2435,38,3,1.8828761577606201,1.9798393249511719
2436,38,4,1.1233359575271606,1.9788966178894043
2437,38,5,0.28800275921821594,1.9853851795196533
2438,38,6,0.5477635860443115,1.964193344116211
2439,38,7,0.5266985893249512,1.9529032707214355
2440,38,8,0.3881433606147766,1.8285489082336426
2441,38,9,0.831055223941803,1.9631537199020386
2442,38,10,1.2348262071609497,1.978112816810608
2443,38,11,0.3967880606651306,1.3930563926696777
2444,38,12,1.056792140007019,1.8633902072906494
2445,38,13,1.113503336906433,1.9760828018188477
2446,38,14,0.6272286176681519,1.5212373733520508
2447,38,15,0.8934692144393921,1.0850286483764648
2448,38,16,0.8754196166992188,1.8854433298110962
2449,38,17,1.3830723762512207,1.2006380558013916
2450,38,18,1.6102104187011719,1.4750384092330933
2451,38,19,0.903866708278656,1.9056624174118042
2452,38,20,1.4063061475753784,1.7686110734939575
2453,38,21,0.7640231847763062,1.8357491493225098
2454,38,22,1.182558536529541,1.8310532569885254
2455,38,23,1.2131613492965698,1.774351716041565
2456,38,24,1.2265912294387817,0.8290645480155945
2457,38,25,0.9258307218551636,1.579289436340332
2458,38,26,1.3190754652023315,1.6418449878692627
2459,38,27,0.7805917859077454,1.7558311223983765
2460,38,28,0.783221960067749,1.8481134176254272
2461,38,29,1.1882606744766235,1.4729188680648804
2462,38,30,0.8875288963317871,0.9310616850852966
2463,38,31,1.0096479654312134,1.818367838859558
2464,38,32,1.0928983688354492,1.8529152870178223
2465,38,33,0.6417616605758667,1.6555166244506836
2466,38,34,0.9942994117736816,1.9273017644882202
2467,38,35,0.3434247374534607,1.9161032438278198
2468,38,36,0.886247456073761,1.4987378120422363
2469,38,37,0.11910136044025421,1.9003227949142456
2470,38,38,0.8193032145500183,1.9378776550292969
2471,38,39,0.4142673909664154,0.15749336779117584
2472,38,40,0.42143237590789795,1.9642199277877808
2473,38,41,0.5284920930862427,1.409293532371521
2474,38,42,0.7288983464241028,1.9226911067962646
2475,38,43,0.69331955909729,1.5646003484725952
2476,38,44,0.7009590864181519,1.9805269241333008
2477,38,45,0.7708621025085449,1.992031455039978
2478,38,46,1.4327346086502075,1.976229190826416
2479,38,47,0.29506659507751465,1.9105557203292847
2480,38,48,1.217197060585022,1.9858092069625854
2481,38,49,1.1335376501083374,1.9815760850906372
2482,38,50,0.7289000749588013,1.9391801357269287
2483,38,51,0.7921644449234009,1.9910613298416138
2484,38,52,1.324821949005127,1.9814003705978394
2485,38,53,0.6783686876296997,1.9714080095291138
2486,38,54,1.7149879932403564,1.9953103065490723
2487,38,55,1.8760616779327393,1.9978063106536865
2488,38,56,1.9754225015640259,1.9949254989624023
2489,38,57,1.31722092628479,1.971754789352417
2490,38,58,1.994321584701538,1.9988136291503906
2491,38,59,1.9774843454360962,1.9965189695358276
2492,38,60,1.1202203035354614,1.8740158081054688
2493,38,61,1.7835392951965332,1.991929531097412
2494,38,62,1.2975218296051025,1.9920198917388916
2495,38,63,1.143576741218567,1.84260892868042
2496,39,0,0.8064681887626648,1.9897422790527344
2497,39,1,1.5805407762527466,1.9918557405471802
2498,39,2,1.6320325136184692,1.9603747129440308
2499,39,3,1.8691277503967285,1.9766693115234375
2500,39,4,1.0789684057235718,1.978302001953125
2501,39,5,0.2754042446613312,1.9852252006530762
2502,39,6,0.5065073370933533,1.966343879699707
2503,39,7,0.47216519713401794,1.9496445655822754
2504,39,8,0.36687734723091125,1.8193472623825073
2505,39,9,0.7810569405555725,1.9643193483352661
2506,39,10,1.2260725498199463,1.9796031713485718
2507,39,11,0.3893642723560333,1.3243025541305542
2508,39,12,1.0646965503692627,1.8454744815826416
2509,39,13,1.0906230211257935,1.9755518436431885
2510,39,14,0.614590048789978,1.4841220378875732
2511,39,15,0.879542350769043,1.014117956161499
2512,39,16,0.8647223114967346,1.883846402168274
2513,39,17,1.394999384880066,1.1777701377868652
2514,39,18,1.608418583869934,1.4628920555114746
2515,39,19,0.8939957618713379,1.9062843322753906
2516,39,20,1.4020330905914307,1.7664397954940796
2517,39,21,0.7569982409477234,1.8348958492279053
2518,39,22,1.1798988580703735,1.8333995342254639
2519,39,23,1.2118334770202637,1.7764960527420044
2520,39,24,1.2326502799987793,0.806981086730957
2521,39,25,0.9105700254440308,1.5803848505020142
2522,39,26,1.3279320001602173,1.653888463973999
2523,39,27,0.7646352052688599,1.7515257596969604
2524,39,28,0.7703297734260559,1.8529495000839233
2525,39,29,1.1797891855239868,1.46603262424469
2526,39,30,0.875274658203125,0.888832688331604
2527,39,31,1.0073212385177612,1.8208162784576416
2528,39,32,1.0871719121932983,1.8521361351013184
2529,39,33,0.6288949251174927,1.6392415761947632
2530,39,34,0.9982308745384216,1.926160454750061
2531,39,35,0.33599990606307983,1.9164105653762817
2532,39,36,0.8722400069236755,1.4493225812911987
2533,39,37,0.10793372988700867,1.8924298286437988
2534,39,38,0.794134795665741,1.9316524267196655
2535,39,39,0.3791370987892151,0.12195432931184769
2536,39,40,0.39926987886428833,1.9656058549880981
2537,39,41,0.5089825987815857,1.3396192789077759
2538,39,42,0.7149346470832825,1.928096890449524
2539,39,43,0.6594979166984558,1.511605143547058
2540,39,44,0.6618831157684326,1.979254961013794
2541,39,45,0.6985048055648804,1.9920527935028076
2542,39,46,1.3866958618164062,1.979598045349121
2543,39,47,0.25594455003738403,1.9081557989120483
2544,39,48,1.1692304611206055,1.9849392175674438
2545,39,49,1.0893927812576294,1.9822407960891724
2546,39,50,0.6947862505912781,1.9352025985717773
2547,39,51,0.7728347182273865,1.9904797077178955
2548,39,52,1.3177133798599243,1.9825809001922607
2549,39,53,0.6408053636550903,1.9697095155715942
2550,39,54,1.6942853927612305,1.9954084157943726
2551,39,55,1.8485597372055054,1.997692346572876
2552,39,56,1.9728422164916992,1.9943616390228271
2553,39,57,1.2757885456085205,1.9708548784255981
2554,39,58,1.9943227767944336,1.9987417459487915
2555,39,59,1.9776057004928589,1.9959113597869873
2556,39,60,1.107613205909729,1.8566304445266724
2557,39,61,1.7645739316940308,1.9912807941436768
2558,39,62,1.2827666997909546,1.992163062095642
2559,39,63,1.1335413455963135,1.8225207328796387
2560,40,0,0.7445636987686157,1.9907697439193726
2561,40,1,1.5664640665054321,1.9934914112091064
2562,40,2,1.592759370803833,1.9530556201934814
2563,40,3,1.8490464687347412,1.9718234539031982
2564,40,4,1.025575876235962,1.9774900674819946
2565,40,5,0.26490408182144165,1.9849753379821777
2566,40,6,0.45930415391921997,1.9680274724960327
2567,40,7,0.4179343581199646,1.9446665048599243
2568,40,8,0.3440907895565033,1.8081140518188477
2569,40,9,0.7196208238601685,1.965336799621582
2570,40,10,1.214817762374878,1.9809266328811646
2571,40,11,0.3838227093219757,1.2448972463607788
2572,40,12,1.0737850666046143,1.8223919868469238
2573,40,13,1.0648666620254517,1.974531888961792
2574,40,14,0.6021161675453186,1.4408073425292969
2575,40,15,0.867667555809021,0.9385674595832825
2576,40,16,0.8505754470825195,1.8811087608337402
2577,40,17,1.4062209129333496,1.1533939838409424
2578,40,18,1.6068099737167358,1.448436975479126
2579,40,19,0.8876112699508667,1.9060062170028687
2580,40,20,1.3945987224578857,1.762503981590271
2581,40,21,0.7508293390274048,1.8324846029281616
2582,40,22,1.1779580116271973,1.8344975709915161
2583,40,23,1.210205078125,1.7769535779953003
2584,40,24,1.238322138786316,0.785298764705658
2585,40,25,0.893554151058197,1.580548882484436
2586,40,26,1.3403267860412598,1.6647300720214844
2587,40,27,0.7474280595779419,1.7458792924880981
2588,40,28,0.7597395777702332,1.8569347858428955
2589,40,29,1.1748597621917725,1.456583023071289
2590,40,30,0.8616976141929626,0.8451489806175232
2591,40,31,1.003293752670288,1.8219938278198242
2592,40,32,1.0813384056091309,1.8497087955474854
2593,40,33,0.6187434792518616,1.6183358430862427
2594,40,34,1.003570556640625,1.9240810871124268
2595,40,35,0.3317648470401764,1.9159340858459473
2596,40,36,0.8570659160614014,1.393872857093811
2597,40,37,0.0972614586353302,1.8817024230957031
2598,40,38,0.7675452828407288,1.923492431640625
2599,40,39,0.343779057264328,0.09334675222635269
2600,40,40,0.37480825185775757,1.9664621353149414
2601,40,41,0.49122995138168335,1.262075424194336
2602,40,42,0.7045656442642212,1.933505654335022
2603,40,43,0.6228833794593811,1.449367880821228
2604,40,44,0.6187373995780945,1.9771732091903687
2605,40,45,0.6195549964904785,1.9919991493225098
2606,40,46,1.3362878561019897,1.982377052307129
2607,40,47,0.21805664896965027,1.9056501388549805
2608,40,48,1.119240641593933,1.9838746786117554
2609,40,49,1.0313396453857422,1.9824986457824707
2610,40,50,0.6568097472190857,1.9303075075149536
2611,40,51,0.7503076791763306,1.9897247552871704
2612,40,52,1.3154305219650269,1.9835165739059448
2613,40,53,0.5981916785240173,1.9670802354812622
2614,40,54,1.6700921058654785,1.9954683780670166
2615,40,55,1.8154733180999756,1.9975144863128662
2616,40,56,1.9699729681015015,1.9935247898101807
2617,40,57,1.2188622951507568,1.9689037799835205
2618,40,58,1.9943746328353882,1.9986512660980225
2619,40,59,1.977550983428955,1.995086669921875
2620,40,60,1.0892192125320435,1.8361440896987915
2621,40,61,1.7444652318954468,1.990501880645752
2622,40,62,1.264742136001587,1.9922921657562256
2623,40,63,1.1178042888641357,1.7987654209136963
2624,41,0,0.6837093830108643,1.9912521839141846
2625,41,1,1.5493139028549194,1.9946264028549194
2626,41,2,1.5535635948181152,1.9434996843338013
2627,41,3,1.8258469104766846,1.9654576778411865
2628,41,4,0.9765278100967407,1.9761368036270142
2629,41,5,0.25647684931755066,1.9842264652252197
2630,41,6,0.4195016324520111,1.9690239429473877
2631,41,7,0.37067195773124695,1.9390754699707031
2632,41,8,0.32740339636802673,1.795399785041809
2633,41,9,0.6664453744888306,1.9655342102050781
2634,41,10,1.2032253742218018,1.9818291664123535
2635,41,11,0.3795369863510132,1.1584439277648926
2636,41,12,1.0798380374908447,1.793047308921814
2637,41,13,1.0379680395126343,1.9729665517807007
2638,41,14,0.5911732912063599,1.3919930458068848
2639,41,15,0.8528549671173096,0.8602207899093628
2640,41,16,0.8383014798164368,1.8768457174301147
2641,41,17,1.4169213771820068,1.126996397972107
2642,41,18,1.6019598245620728,1.4314155578613281
2643,41,19,0.8788934350013733,1.9044708013534546
2644,41,20,1.3846912384033203,1.7563676834106445
2645,41,21,0.7446654438972473,1.828023076057434
2646,41,22,1.1731849908828735,1.8341751098632812
2647,41,23,1.2053800821304321,1.7755780220031738
2648,41,24,1.2440619468688965,0.7627625465393066
2649,41,25,0.8766531348228455,1.5788638591766357
2650,41,26,1.3491852283477783,1.674314022064209
2651,41,27,0.7306469082832336,1.7371782064437866
2652,41,28,0.7483064532279968,1.85978364944458
2653,41,29,1.1681792736053467,1.4451286792755127
2654,41,30,0.8479083776473999,0.8012699484825134
2655,41,31,0.999860405921936,1.821855902671814
2656,41,32,1.0743831396102905,1.845438003540039
2657,41,33,0.606656014919281,1.593898892402649
2658,41,34,1.0073796510696411,1.9208457469940186
2659,41,35,0.3281996548175812,1.9144734144210815
2660,41,36,0.8457854390144348,1.332822322845459
2661,41,37,0.08860597759485245,1.868640661239624
2662,41,38,0.7452000379562378,1.9127284288406372
2663,41,39,0.3141678273677826,0.07127683609724045
2664,41,40,0.35387298464775085,1.9667267799377441
2665,41,41,0.4791942536830902,1.180506944656372
2666,41,42,0.6935847997665405,1.936597466468811
2667,41,43,0.590041995048523,1.3807010650634766
2668,41,44,0.5840035080909729,1.9743534326553345
2669,41,45,0.5524530410766602,1.99177086353302
2670,41,46,1.2820909023284912,1.984631061553955
2671,41,47,0.18856476247310638,1.899845004081726
2672,41,48,1.0658626556396484,1.9822105169296265
2673,41,49,0.9839761257171631,1.982735514640808
2674,41,50,0.6233584880828857,1.9226384162902832
2675,41,51,0.7351781725883484,1.9887235164642334
2676,41,52,1.3049051761627197,1.9840917587280273
2677,41,53,0.5639068484306335,1.9637333154678345
2678,41,54,1.6424306631088257,1.995373249053955
2679,41,55,1.7722241878509521,1.997258186340332
2680,41,56,1.9657959938049316,1.992417335510254
2681,41,57,1.171026587486267,1.9668763875961304
2682,41,58,1.9942868947982788,1.9985073804855347
2683,41,59,1.9773389101028442,1.9939484596252441
2684,41,60,1.0788325071334839,1.812804102897644
2685,41,61,1.7233595848083496,1.9891690015792847
2686,41,62,1.250769853591919,1.99210786819458
2687,41,63,1.1051658391952515,1.7718620300292969
2688,42,0,0.6208648085594177,1.9915958642959595
2689,42,1,1.5248799324035645,1.9955612421035767
2690,42,2,1.510915756225586,1.9299100637435913
2691,42,3,1.796822190284729,1.9557106494903564
2692,42,4,0.9201102256774902,1.9743601083755493
2693,42,5,0.25140440464019775,1.983233094215393
2694,42,6,0.374724805355072,1.969481348991394
2695,42,7,0.3275027871131897,1.9309971332550049
2696,42,8,0.3114066421985626,1.7790864706039429
2697,42,9,0.6114386916160583,1.9654741287231445
2698,42,10,1.190798282623291,1.9824620485305786
2699,42,11,0.379079669713974,1.0619720220565796
2700,42,12,1.0820995569229126,1.7548376321792603
2701,42,13,1.005210518836975,1.9705935716629028
2702,42,14,0.581265926361084,1.3344131708145142
2703,42,15,0.8409010171890259,0.7767927050590515
2704,42,16,0.8218327760696411,1.8703346252441406
2705,42,17,1.4256986379623413,1.0982561111450195
2706,42,18,1.5966507196426392,1.4118952751159668
2707,42,19,0.8712563514709473,1.901976466178894
2708,42,20,1.370263934135437,1.747957468032837
2709,42,21,0.7396449446678162,1.8211785554885864
2710,42,22,1.1682966947555542,1.8321914672851562
2711,42,23,1.2003337144851685,1.772249698638916
2712,42,24,1.2495008707046509,0.7395404577255249
2713,42,25,0.8540281653404236,1.576413869857788
2714,42,26,1.3611738681793213,1.6823670864105225
2715,42,27,0.712388813495636,1.7264564037322998
2716,42,28,0.739829421043396,1.8615806102752686
2717,42,29,1.1612762212753296,1.431040644645691
2718,42,30,0.8331750631332397,0.7539807558059692
2719,42,31,0.995866060256958,1.8203778266906738
2720,42,32,1.0672309398651123,1.839141845703125
2721,42,33,0.5958271622657776,1.565155267715454
2722,42,34,1.009543538093567,1.9163548946380615
2723,42,35,0.32894065976142883,1.9118841886520386
2724,42,36,0.8353242874145508,1.265231966972351
2725,42,37,0.08068059384822845,1.8513314723968506
2726,42,38,0.7245113253593445,1.8987298011779785
2727,42,39,0.28780117630958557,0.053628042340278625
2728,42,40,0.33061036467552185,1.9661533832550049
2729,42,41,0.46837300062179565,1.0931761264801025
2730,42,42,0.6851997375488281,1.9381202459335327
2731,42,43,0.5554846525192261,1.2992117404937744
2732,42,44,0.544006884098053,1.9700632095336914
2733,42,45,0.4842466115951538,1.9913815259933472
2734,42,46,1.2247563600540161,1.9863271713256836
2735,42,47,0.1639375239610672,1.891241431236267
2736,42,48,1.010441780090332,1.9798545837402344
2737,42,49,0.9412212371826172,1.982399344444275
2738,42,50,0.5832074284553528,1.910406470298767
2739,42,51,0.7241395711898804,1.9874210357666016
2740,42,52,1.282148003578186,1.984403133392334
2741,42,53,0.5226680040359497,1.9583834409713745
2742,42,54,1.6091434955596924,1.9951293468475342
2743,42,55,1.7190734148025513,1.9968572854995728
2744,42,56,1.9606001377105713,1.990723967552185
2745,42,57,1.1343637704849243,1.9638539552688599
2746,42,58,1.9941624402999878,1.998305082321167
2747,42,59,1.9768980741500854,1.9922841787338257
2748,42,60,1.0725115537643433,1.7913089990615845
2749,42,61,1.7085896730422974,1.987300992012024
2750,42,62,1.2464910745620728,1.991793155670166
2751,42,63,1.0843636989593506,1.743510127067566
2752,43,0,0.562762439250946,1.99204683303833
2753,43,1,1.5034030675888062,1.9963622093200684
2754,43,2,1.4549615383148193,1.913569450378418
2755,43,3,1.7592922449111938,1.9430912733078003
2756,43,4,0.866455078125,1.9722485542297363
2757,43,5,0.2432837337255478,1.981986165046692
2758,43,6,0.33460959792137146,1.9698420763015747
2759,43,7,0.28738167881965637,1.9220041036605835
2760,43,8,0.2933865189552307,1.7610763311386108
2761,43,9,0.5541287064552307,1.965354323387146
2762,43,10,1.1804698705673218,1.9832218885421753
2763,43,11,0.3782804608345032,0.9624618887901306
2764,43,12,1.0870323181152344,1.7085953950881958
2765,43,13,0.9756516218185425,1.967921495437622
2766,43,14,0.566752552986145,1.2727807760238647
2767,43,15,0.8223575353622437,0.6969258785247803
2768,43,16,0.8096442818641663,1.8636342287063599
2769,43,17,1.4350957870483398,1.068078637123108
2770,43,18,1.5903875827789307,1.3888890743255615
2771,43,19,0.8632832765579224,1.8984915018081665
2772,43,20,1.356158971786499,1.7377629280090332
2773,43,21,0.7348746061325073,1.8125725984573364
2774,43,22,1.167657494544983,1.8289477825164795
2775,43,23,1.1946029663085938,1.7676067352294922
2776,43,24,1.2569193840026855,0.7166532278060913
2777,43,25,0.8367891907691956,1.5721948146820068
2778,43,26,1.371237874031067,1.688873052597046
2779,43,27,0.6948264241218567,1.7150369882583618
2780,43,28,0.7315441370010376,1.8624916076660156
2781,43,29,1.1570335626602173,1.4150660037994385
2782,43,30,0.8174195289611816,0.7100363373756409
2783,43,31,0.9928445219993591,1.8176143169403076
2784,43,32,1.0610899925231934,1.831113576889038
2785,43,33,0.5856826901435852,1.5332136154174805
2786,43,34,1.0153803825378418,1.9108705520629883
2787,43,35,0.32876870036125183,1.9090642929077148
2788,43,36,0.8237999081611633,1.1968188285827637
2789,43,37,0.07349857687950134,1.832158088684082
2790,43,38,0.7042106986045837,1.8815710544586182
2791,43,39,0.26179003715515137,0.04038705304265022
2792,43,40,0.3090651333332062,1.9661517143249512
2793,43,41,0.4663631319999695,1.0089701414108276
2794,43,42,0.6778262257575989,1.9408621788024902
2795,43,43,0.5244207978248596,1.2212964296340942
2796,43,44,0.5111720561981201,1.9650790691375732
2797,43,45,0.424325555562973,1.9909656047821045
2798,43,46,1.1692410707473755,1.9879932403564453
2799,43,47,0.1409476399421692,1.8856605291366577
2800,43,48,0.9569569230079651,1.977059006690979
2801,43,49,0.8834136724472046,1.9826037883758545
2802,43,50,0.5552971959114075,1.9002825021743774
2803,43,51,0.7112725973129272,1.9859838485717773
2804,43,52,1.2767611742019653,1.9848217964172363
2805,43,53,0.49090930819511414,1.953109860420227
2806,43,54,1.5803548097610474,1.994951844215393
2807,43,55,1.664406657218933,1.9964289665222168
2808,43,56,1.9560047388076782,1.9888020753860474
2809,43,57,1.0743600130081177,1.9609375
2810,43,58,1.994140863418579,1.9981001615524292
2811,43,59,1.9767225980758667,1.9903533458709717
2812,43,60,1.0599443912506104,1.7641775608062744
2813,43,61,1.6854510307312012,1.9853936433792114
2814,43,62,1.2320433855056763,1.991586446762085
2815,43,63,1.0712494850158691,1.713706374168396
2816,44,0,0.5009265542030334,1.992427945137024
2817,44,1,1.4743953943252563,1.997022271156311
2818,44,2,1.379308819770813,1.8848739862442017
2819,44,3,1.7026076316833496,1.921840786933899
2820,44,4,0.8020970225334167,1.9691579341888428
2821,44,5,0.23884709179401398,1.9800615310668945
2822,44,6,0.29195502400398254,1.9693537950515747
2823,44,7,0.24719920754432678,1.9079900979995728
2824,44,8,0.2763712704181671,1.7377701997756958
2825,44,9,0.4931129217147827,1.9643559455871582
2826,44,10,1.163785696029663,1.9835761785507202
2827,44,11,0.38181397318840027,0.8501416444778442
2828,44,12,1.086938500404358,1.644186019897461
2829,44,13,0.9387615323066711,1.9635698795318604
2830,44,14,0.5559569597244263,1.1985971927642822
2831,44,15,0.8040757775306702,0.6112352013587952
2832,44,16,0.7935214638710022,1.8531376123428345
2833,44,17,1.4449474811553955,1.0338045358657837
2834,44,18,1.581573486328125,1.361538052558899
2835,44,19,0.8546749353408813,1.8930420875549316
2836,44,20,1.333033800125122,1.723462700843811
2837,44,21,0.7306433320045471,1.8005040884017944
2838,44,22,1.1610013246536255,1.8235852718353271
2839,44,23,1.1852275133132935,1.7595241069793701
2840,44,24,1.261122226715088,0.6924416422843933
2841,44,25,0.8157005906105042,1.5663845539093018
2842,44,26,1.3828939199447632,1.6947455406188965
2843,44,27,0.6767272353172302,1.6983267068862915
2844,44,28,0.7274117469787598,1.8626023530960083
2845,44,29,1.1529995203018188,1.3942791223526
2846,44,30,0.80078125,0.6620214581489563
2847,44,31,0.9871670603752136,1.8123568296432495
2848,44,32,1.052383303642273,1.8194490671157837
2849,44,33,0.5761149525642395,1.48965585231781
2850,44,34,1.0219130516052246,1.9024198055267334
2851,44,35,0.33466240763664246,1.9045226573944092
2852,44,36,0.8142015933990479,1.1188079118728638
2853,44,37,0.06704872101545334,1.8028146028518677
2854,44,38,0.6871346831321716,1.8564584255218506
2855,44,39,0.23836088180541992,0.029676983132958412
2856,44,40,0.28687918186187744,1.964341402053833
2857,44,41,0.4674636423587799,0.9157499074935913
2858,44,42,0.6736806631088257,1.9422727823257446
2859,44,43,0.49026772379875183,1.1218281984329224
2860,44,44,0.4762210547924042,1.956015944480896
2861,44,45,0.3624861538410187,1.9901715517044067
2862,44,46,1.1055247783660889,1.989356279373169
2863,44,47,0.12084163725376129,1.8746447563171387
2864,44,48,0.896662712097168,1.972721815109253
2865,44,49,0.8194960951805115,1.982134461402893
2866,44,50,0.5231915712356567,1.8840793371200562
2867,44,51,0.6961491107940674,1.9837424755096436
2868,44,52,1.2694621086120605,1.9849755764007568
2869,44,53,0.4543421268463135,1.9440934658050537
2870,44,54,1.5436253547668457,1.9944254159927368
2871,44,55,1.5983021259307861,1.995680332183838
2872,44,56,1.9495104551315308,1.9855884313583374
2873,44,57,0.9967215657234192,1.9552782773971558
2874,44,58,1.9941015243530273,1.9977675676345825
2875,44,59,1.976453185081482,1.9874217510223389
2876,44,60,1.0445624589920044,1.7339974641799927
2877,44,61,1.662951111793518,1.9821646213531494
2878,44,62,1.2198538780212402,1.991065263748169
2879,44,63,1.055363416671753,1.6795216798782349
2880,45,0,0.4429471790790558,1.9925349950790405
2881,45,1,1.4402081966400146,1.9974802732467651
2882,45,2,1.2969074249267578,1.8397713899612427
2883,45,3,1.6339677572250366,1.8880654573440552
2884,45,4,0.7383046746253967,1.9645532369613647
2885,45,5,0.2371114045381546,1.9772752523422241
2886,45,6,0.2585853040218353,1.967919945716858
2887,45,7,0.21337001025676727,1.889076828956604
2888,45,8,0.2632730007171631,1.7079309225082397
2889,45,9,0.437292218208313,1.9626344442367554
2890,45,10,1.1456401348114014,1.9834215641021729
2891,45,11,0.3880808353424072,0.7341955900192261
2892,45,12,1.0857959985733032,1.5594810247421265
2893,45,13,0.9035532474517822,1.956935167312622
2894,45,14,0.5485425591468811,1.1160465478897095
2895,45,15,0.7835792899131775,0.5246222615242004
2896,45,16,0.779279887676239,1.8387088775634766
2897,45,17,1.451432704925537,0.9934911131858826
2898,45,18,1.5658013820648193,1.3282978534698486
2899,45,19,0.8474985957145691,1.8844317197799683
2900,45,20,1.2979706525802612,1.703940987586975
2901,45,21,0.7299391627311707,1.7827818393707275
2902,45,22,1.1543024778366089,1.8144983053207397
2903,45,23,1.1720244884490967,1.7475922107696533
2904,45,24,1.269570231437683,0.6689239740371704
2905,45,25,0.7993828058242798,1.5582648515701294
2906,45,26,1.3976038694381714,1.6989178657531738
2907,45,27,0.6623610258102417,1.676218032836914
2908,45,28,0.725712776184082,1.8603490591049194
2909,45,29,1.1544440984725952,1.369320273399353
2910,45,30,0.7857247591018677,0.6109621524810791
2911,45,31,0.9826987981796265,1.8041784763336182
2912,45,32,1.0473103523254395,1.8033032417297363
2913,45,33,0.5691269636154175,1.4348596334457397
2914,45,34,1.0244367122650146,1.8903677463531494
2915,45,35,0.3422680199146271,1.8965669870376587
2916,45,36,0.8024200201034546,1.0354485511779785
2917,45,37,0.061824146658182144,1.7600383758544922
2918,45,38,0.6734774708747864,1.8198491334915161
2919,45,39,0.22011162340641022,0.021734464913606644
2920,45,40,0.2649555504322052,1.9615085124969482
2921,45,41,0.47926315665245056,0.8204108476638794
2922,45,42,0.6738928556442261,1.9417637586593628
2923,45,43,0.4634082019329071,1.017021894454956
2924,45,44,0.44668763875961304,1.9421218633651733
2925,45,45,0.3115180432796478,1.989012598991394
2926,45,46,1.044823408126831,1.9903675317764282
2927,45,47,0.10493934899568558,1.8591856956481934
2928,45,48,0.8377275466918945,1.9662907123565674
2929,45,49,0.7646408677101135,1.9812499284744263
2930,45,50,0.49549221992492676,1.86185622215271
2931,45,51,0.6913675665855408,1.9804894924163818
2932,45,52,1.2593499422073364,1.9847663640975952
2933,45,53,0.42012259364128113,1.931634783744812
2934,45,54,1.500599980354309,1.9935314655303955
2935,45,55,1.5263071060180664,1.9945842027664185
2936,45,56,1.9416779279708862,1.9808350801467896
2937,45,57,0.9242712259292603,1.9473390579223633
2938,45,58,1.9940427541732788,1.9973278045654297
2939,45,59,1.9765205383300781,1.9838062524795532
2940,45,60,1.0345708131790161,1.7064777612686157
2941,45,61,1.6481733322143555,1.9773023128509521
2942,45,62,1.2159812450408936,1.9901142120361328
2943,45,63,1.046147346496582,1.6460881233215332
2944,46,0,0.3850404620170593,1.9929394721984863
2945,46,1,1.405846118927002,1.9979445934295654
2946,46,2,1.1866605281829834,1.7710063457489014
2947,46,3,1.5433157682418823,1.835283637046814
2948,46,4,0.6658823490142822,1.958856463432312
2949,46,5,0.23463889956474304,1.9738022089004517
2950,46,6,0.22557002305984497,1.9658665657043457
2951,46,7,0.17884652316570282,1.8632440567016602
2952,46,8,0.2482374906539917,1.6723496913909912
2953,46,9,0.37695035338401794,1.9605119228363037
2954,46,10,1.1276330947875977,1.9833587408065796
2955,46,11,0.39794835448265076,0.6175518035888672
2956,46,12,1.0809791088104248,1.451765537261963
2957,46,13,0.8697966933250427,1.9480735063552856
2958,46,14,0.5420870184898376,1.0241105556488037
2959,46,15,0.7596924901008606,0.4410179555416107
2960,46,16,0.762147843837738,1.8197928667068481
2961,46,17,1.4590049982070923,0.9479162693023682
2962,46,18,1.5497536659240723,1.2890644073486328
2963,46,19,0.8373212218284607,1.8729774951934814
2964,46,20,1.2587196826934814,1.6800206899642944
2965,46,21,0.7275515198707581,1.7593005895614624
2966,46,22,1.1452791690826416,1.8020702600479126
2967,46,23,1.1476551294326782,1.7317759990692139
2968,46,24,1.2714825868606567,0.6450538039207458
2969,46,25,0.7805954217910767,1.5483593940734863
2970,46,26,1.4112136363983154,1.7013194561004639
2971,46,27,0.6447985768318176,1.650424599647522
2972,46,28,0.7294963002204895,1.8567062616348267
2973,46,29,1.1525293588638306,1.3407104015350342
2974,46,30,0.7640286087989807,0.5571369528770447
2975,46,31,0.9747874140739441,1.792654275894165
2976,46,32,1.0372600555419922,1.7823233604431152
2977,46,33,0.565896213054657,1.365695595741272
2978,46,34,1.0299755334854126,1.873487949371338
2979,46,35,0.3539845049381256,1.8868452310562134
2980,46,36,0.7889506816864014,0.9490511417388916
2981,46,37,0.05703852325677872,1.7011717557907104
2982,46,38,0.6635986566543579,1.7697309255599976
2983,46,39,0.203980952501297,0.015646278858184814
2984,46,40,0.24465741217136383,1.9572707414627075
2985,46,41,0.4977000057697296,0.7238889932632446
2986,46,42,0.6810023188591003,1.9417637586593628
2987,46,43,0.43571192026138306,0.902944803237915
2988,46,44,0.4176017940044403,1.919893741607666
2989,46,45,0.25946444272994995,1.9875227212905884
2990,46,46,0.9856986403465271,1.9913803339004517
2991,46,47,0.0895676389336586,1.842057228088379
2992,46,48,0.7802304029464722,1.9574886560440063
2993,46,49,0.6898782849311829,1.9803043603897095
2994,46,50,0.46837565302848816,1.8389205932617188
2995,46,51,0.683264970779419,1.9761265516281128
2996,46,52,1.2721054553985596,1.9847283363342285
2997,46,53,0.38919010758399963,1.9147653579711914
2998,46,54,1.4606353044509888,1.9923605918884277
2999,46,55,1.4628498554229736,1.9930715560913086
3000,46,56,1.9355136156082153,1.9741742610931396
3001,46,57,0.8175683617591858,1.9372695684432983
3002,46,58,1.9942307472229004,1.9968081712722778
3003,46,59,1.9774787425994873,1.9795188903808594
3004,46,60,1.0179142951965332,1.6802518367767334
3005,46,61,1.6334991455078125,1.9714994430541992
3006,46,62,1.2062206268310547,1.9892088174819946
3007,46,63,1.0453697443008423,1.615004301071167
3008,47,0,0.3271578550338745,1.9932597875595093
3009,47,1,1.3504443168640137,1.9983429908752441
3010,47,2,1.109255075454712,1.6571871042251587
3011,47,3,1.460320234298706,1.7529298067092896
3012,47,4,0.6017639636993408,1.951396107673645
3013,47,5,0.23967313766479492,1.9691901206970215
3014,47,6,0.19419032335281372,1.9623204469680786
3015,47,7,0.14855070412158966,1.8287734985351562
3016,47,8,0.23977281153202057,1.637615442276001
3017,47,9,0.318897008895874,1.9581598043441772
3018,47,10,1.1080143451690674,1.9829295873641968
3019,47,11,0.41721034049987793,0.5054233074188232
3020,47,12,1.071004033088684,1.3089324235916138
3021,47,13,0.8292973637580872,1.9339759349822998
3022,47,14,0.5377187132835388,0.9192371368408203
3023,47,15,0.7359306216239929,0.35801205039024353
3024,47,16,0.7439411878585815,1.7928087711334229
3025,47,17,1.4627481698989868,0.8902663588523865
3026,47,18,1.5282154083251953,1.2390106916427612
3027,47,19,0.8287155032157898,1.8555254936218262
3028,47,20,1.204789400100708,1.6475765705108643
3029,47,21,0.7267048954963684,1.7254897356033325
3030,47,22,1.1375032663345337,1.7838056087493896
3031,47,23,1.1278623342514038,1.7080734968185425
3032,47,24,1.2695821523666382,0.6215080618858337
3033,47,25,0.7642167210578918,1.5336663722991943
3034,47,26,1.4273130893707275,1.701454520225525
3035,47,27,0.6285256147384644,1.6137830018997192
3036,47,28,0.7359715104103088,1.8503810167312622
3037,47,29,1.1556116342544556,1.3074430227279663
3038,47,30,0.7448061108589172,0.49797365069389343
3039,47,31,0.9672003388404846,1.7750763893127441
3040,47,32,1.0311040878295898,1.7523293495178223
3041,47,33,0.5651451349258423,1.2764137983322144
3042,47,34,1.0395948886871338,1.8502769470214844
3043,47,35,0.3741045892238617,1.8737109899520874
3044,47,36,0.7838863134384155,0.8492835760116577
3045,47,37,0.052769262343645096,1.6145931482315063
3046,47,38,0.6602647304534912,1.6917614936828613
3047,47,39,0.1921568512916565,0.010964875109493732
3048,47,40,0.22252346575260162,1.9505691528320312
3049,47,41,0.5266718864440918,0.6197192072868347
3050,47,42,0.71059650182724,1.938766360282898
3051,47,43,0.4129968583583832,0.7663921117782593
3052,47,44,0.3846845328807831,1.8790141344070435
3053,47,45,0.21678821742534637,1.9851096868515015
3054,47,46,0.8925067782402039,1.9923795461654663
3055,47,47,0.07610061764717102,1.8117282390594482
3056,47,48,0.7186161875724792,1.9445092678070068
3057,47,49,0.6489629745483398,1.97866952419281
3058,47,50,0.42891350388526917,1.800646185874939
3059,47,51,0.6966490745544434,1.968782663345337
3060,47,52,1.25185227394104,1.9849560260772705
3061,47,53,0.3611818552017212,1.8897624015808105
3062,47,54,1.4103606939315796,1.990291953086853
3063,47,55,1.380699634552002,1.9908843040466309
3064,47,56,1.929723858833313,1.9630783796310425
3065,47,57,0.7453185319900513,1.9265084266662598
3066,47,58,1.9944849014282227,1.996042251586914
3067,47,59,1.9795938730239868,1.9750478267669678
3068,47,60,1.016843557357788,1.667763352394104
3069,47,61,1.6318391561508179,1.962217926979065
3070,47,62,1.2256689071655273,1.9879579544067383
3071,47,63,1.0366241931915283,1.579922080039978
3072,48,0,0.26465633511543274,1.99400794506073
3073,48,1,1.2882832288742065,1.9987181425094604
3074,48,2,1.0155141353607178,1.4724171161651611
3075,48,3,1.3611760139465332,1.6367335319519043
3076,48,4,0.5367447733879089,1.9411437511444092
3077,48,5,0.2500249147415161,1.9632757902145386
3078,48,6,0.16707569360733032,1.956364631652832
3079,48,7,0.12039102613925934,1.7808067798614502
3080,48,8,0.23506255447864532,1.6050727367401123
3081,48,9,0.25771602988243103,1.955867886543274
3082,48,10,1.0878735780715942,1.9823663234710693
3083,48,11,0.4436621069908142,0.40083715319633484
3084,48,12,1.0599030256271362,1.1225602626800537
3085,48,13,0.7843866944313049,1.911661982536316
3086,48,14,0.5359900593757629,0.8037111163139343
3087,48,15,0.7147951126098633,0.27800941467285156
3088,48,16,0.7204561233520508,1.7530263662338257
3089,48,17,1.4616637229919434,0.8191320300102234
3090,48,18,1.5000494718551636,1.1743277311325073
3091,48,19,0.8163894414901733,1.8287595510482788
3092,48,20,1.1312839984893799,1.603545904159546
3093,48,21,0.7205384373664856,1.6764960289001465
3094,48,22,1.1258877515792847,1.756422519683838
3095,48,23,1.0986316204071045,1.6738265752792358
3096,48,24,1.2594666481018066,0.5969882011413574
3097,48,25,0.7525423765182495,1.5140881538391113
3098,48,26,1.445721983909607,1.6985509395599365
3099,48,27,0.6121663451194763,1.5634206533432007
3100,48,28,0.7494102716445923,1.8407140970230103
3101,48,29,1.1588987112045288,1.267195224761963
3102,48,30,0.7184417247772217,0.43073326349258423
3103,48,31,0.9554966688156128,1.749160885810852
3104,48,32,1.0245983600616455,1.7088367938995361
3105,48,33,0.5686271786689758,1.1560132503509521
3106,48,34,1.0492945909500122,1.8145805597305298
3107,48,35,0.4020107388496399,1.8559011220932007
3108,48,36,0.7826023101806641,0.7398703098297119
3109,48,37,0.04826391115784645,1.4811164140701294
3110,48,38,0.6664031744003296,1.5677220821380615
3111,48,39,0.18687523901462555,0.007499232888221741
3112,48,40,0.20044714212417603,1.9397457838058472
3113,48,41,0.5757869482040405,0.5110779404640198
3114,48,42,0.7849047183990479,1.9347375631332397
3115,48,43,0.3984313905239105,0.6099237203598022
3116,48,44,0.3542483150959015,1.799317479133606
3117,48,45,0.1792159229516983,1.981540560722351
3118,48,46,0.764178991317749,1.9935170412063599
3119,48,47,0.0635429248213768,1.7745615243911743
3120,48,48,0.6575069427490234,1.9249095916748047
3121,48,49,0.579521119594574,1.9766157865524292
3122,48,50,0.38530996441841125,1.7595199346542358
3123,48,51,0.7122502326965332,1.9566117525100708
3124,48,52,1.268369197845459,1.9853473901748657
3125,48,53,0.34416085481643677,1.853441596031189
3126,48,54,1.3697023391723633,1.9871515035629272
3127,48,55,1.3162868022918701,1.9880808591842651
3128,48,56,1.9313806295394897,1.9454231262207031
3129,48,57,0.6165823936462402,1.916792869567871
3130,48,58,1.9949419498443604,1.9951303005218506
3131,48,59,1.9832507371902466,1.973233699798584
3132,48,60,1.0131034851074219,1.6477431058883667
3133,48,61,1.6011991500854492,1.9487988948822021
3134,48,62,1.2306863069534302,1.9866095781326294
3135,48,63,1.0334603786468506,1.5295242071151733
3136,49,0,0.20142057538032532,1.9939558506011963
3137,49,1,1.1227699518203735,1.9990286827087402
3138,49,2,1.1541720628738403,1.2394319772720337
3139,49,3,1.4172710180282593,1.5107841491699219
3140,49,4,0.5403276085853577,1.9332828521728516
3141,49,5,0.28840428590774536,1.9588276147842407
3142,49,6,0.1386300027370453,1.9480563402175903
3143,49,7,0.09787362813949585,1.7449700832366943
3144,49,8,0.26133182644844055,1.6279313564300537
3145,49,9,0.20899903774261475,1.9565056562423706
3146,49,10,1.0734641551971436,1.9819766283035278
3147,49,11,0.4859163463115692,0.32906731963157654
3148,49,12,1.0306190252304077,0.9311767220497131
3149,49,13,0.7346649169921875,1.882606863975525
3150,49,14,0.5451311469078064,0.709237813949585
3151,49,15,0.7085589170455933,0.21747829020023346
3152,49,16,0.7005430459976196,1.7063236236572266
3153,49,17,1.458889126777649,0.7461147308349609
3154,49,18,1.4779855012893677,1.1092183589935303
3155,49,19,0.801960825920105,1.7947193384170532
3156,49,20,1.0563857555389404,1.55425226688385
3157,49,21,0.7121317386627197,1.6181997060775757
3158,49,22,1.1183884143829346,1.724906086921692
3159,49,23,1.0726441144943237,1.6330790519714355
3160,49,24,1.235356092453003,0.576749861240387
3161,49,25,0.7429617047309875,1.4938400983810425
3162,49,26,1.4619187116622925,1.6947067975997925
3163,49,27,0.6042923927307129,1.5069795846939087
3164,49,28,0.7597842812538147,1.8289738893508911
3165,49,29,1.1645586490631104,1.2285830974578857
3166,49,30,0.6931781768798828,0.36955249309539795
3167,49,31,0.9350701570510864,1.7200084924697876
3168,49,32,1.0085748434066772,1.6582801342010498
3169,49,33,0.5667178630828857,1.0280510187149048
3170,49,34,1.0605838298797607,1.77288019657135
3171,49,35,0.4431903660297394,1.841430902481079
3172,49,36,0.8102057576179504,0.6309470534324646
3173,49,37,0.0451849102973938,1.314258098602295
3174,49,38,0.6942539215087891,1.4067635536193848
3175,49,39,0.19568486511707306,0.0053462558425962925
3176,49,40,0.18269449472427368,1.923226237297058
3177,49,41,0.6377514600753784,0.419975608587265
3178,49,42,0.9252843856811523,1.9139899015426636
3179,49,43,0.39692458510398865,0.4294643998146057
3180,49,44,0.32832977175712585,1.6411861181259155
3181,49,45,0.15933790802955627,1.9779969453811646
3182,49,46,0.5373552441596985,1.9947562217712402
3183,49,47,0.05343417450785637,1.640074610710144
3184,49,48,0.5856187343597412,1.901892066001892
3185,49,49,0.7146216034889221,1.9760395288467407
3186,49,50,0.3039931654930115,1.6227502822875977
3187,49,51,0.8583812713623047,1.9424238204956055
3188,49,52,1.0447471141815186,1.987022042274475
3189,49,53,0.3489398956298828,1.8052947521209717
3190,49,54,1.306569218635559,1.9832863807678223
3191,49,55,1.1121143102645874,1.9867634773254395
3192,49,56,1.932382583618164,1.919193983078003
3193,49,57,0.7589555978775024,1.9335490465164185
3194,49,58,1.9959092140197754,1.9944208860397339
3195,49,59,1.9896365404129028,1.9750713109970093
3196,49,60,1.1306220293045044,1.711660623550415
3197,49,61,1.6613656282424927,1.9075508117675781
3198,49,62,1.4031914472579956,1.9844871759414673
3199,49,63,0.9880339503288269,1.4637426137924194
