index,step_estimated,layer_estimated,alpha_s,alpha_f
0,0,0,0.73247923,1.68160082
1,0,1,0.50520728,1.80892104
2,0,2,0.66216898,1.62708588
3,0,3,0.80490054,1.87452469
4,0,4,0.55221673,1.62848048
5,0,5,0.67996083,1.40476289
6,0,6,0.90507872,1.75878076
7,0,7,0.63651655,1.84547619
8,0,8,0.60036947,1.65717192
9,0,9,0.63242795,1.72906002
10,0,10,0.62224267,1.23079701
11,0,11,0.60017996,1.75100123
12,0,12,0.63189236,1.63163736
13,0,13,0.38645376,1.49800078
14,0,14,0.54052429,1.65167075
15,0,15,0.47035259,1.35438895
16,0,16,0.4201008,1.63001599
17,0,17,0.78982475,1.5879123
18,0,18,0.59086648,1.85470658
19,0,19,0.50391926,1.67400291
20,0,20,0.85021627,1.41842707
21,0,21,0.5449724,1.45947162
22,0,22,0.65396109,1.76460248
23,0,23,0.45842304,1.71548733
24,0,24,0.56938274,1.6368187
25,0,25,0.64546584,1.89460365
26,0,26,0.52740435,1.54598903
27,0,27,0.6206833,1.78389454
28,0,28,0.54202717,1.55181208
29,0,29,0.64410495,1.54502436
30,0,30,0.49200051,1.419996
31,0,31,0.89212053,1.44898466
32,0,32,0.66510292,1.54475894
33,0,33,0.50519783,1.66998368
34,0,34,0.70267314,1.61306503
35,0,35,0.47153015,1.47337431
36,0,36,0.70995253,1.43255715
37,0,37,0.44269358,1.62120737
38,0,38,0.34055854,1.47356682
39,0,39,0.72073201,1.52076129
40,0,40,0.8019738,1.88402566
41,0,41,0.72137648,1.75145288
42,0,42,0.7089729,1.93503919
43,0,43,0.57961291,1.68690421
44,0,44,0.36639568,1.61968707
45,0,45,0.50319428,1.59538304
46,0,46,0.76607687,1.1628031
47,0,47,0.86346915,1.46700565
48,0,48,0.66378819,1.69615058
49,0,49,0.39068638,1.88326673
50,0,50,0.6413883,1.62551368
51,0,51,0.53380833,1.66254879
52,0,52,0.55210745,1.54266521
53,0,53,0.91326697,1.47541182
54,0,54,0.64263852,1.78633977
55,0,55,0.7367491,1.78098462
56,0,56,0.46071571,1.70947588
57,0,57,0.64401713,1.5328523
58,0,58,0.6036658,1.78365905
59,0,59,0.75833614,1.337456
60,0,60,0.7193602,1.7204271
61,0,61,0.52128044,1.99
62,0,62,0.65382225,1.53401677
63,0,63,0.34901941,1.47631661
64,1,0,0.82592844,1.65299522
65,1,1,0.66483433,1.85313663
66,1,2,0.67306727,1.57216636
67,1,3,0.61922152,1.65630883
68,1,4,0.59473997,1.54215266
69,1,5,0.74554078,1.37655063
70,1,6,0.85174679,1.65239849
71,1,7,0.8804855,1.70356642
72,1,8,0.67270037,1.58317465
73,1,9,0.65293174,1.85939473
74,1,10,0.59648055,1.14675079
75,1,11,0.58579313,1.68019019
76,1,12,0.69544415,1.65375742
77,1,13,0.48995773,1.44385356
78,1,14,0.56197342,1.445327
79,1,15,0.55358249,1.33665995
80,1,16,0.52062311,1.50496316
81,1,17,0.68055574,1.60185672
82,1,18,0.46671563,1.87738218
83,1,19,0.46678411,1.45455661
84,1,20,0.94188373,1.49103983
85,1,21,0.68123095,1.56283666
86,1,22,0.59387805,1.68022574
87,1,23,0.49613968,1.68587219
88,1,24,0.56673889,1.51765207
89,1,25,0.76892,1.61739431
90,1,26,0.52118718,1.58611613
91,1,27,0.68900863,1.8209288
92,1,28,0.62600593,1.54750271
93,1,29,0.71075267,1.54026089
94,1,30,0.61436867,1.50409234
95,1,31,0.95384346,1.35779122
96,1,32,0.65580352,1.67976051
97,1,33,0.42595413,1.79427918
98,1,34,0.69296877,1.49136184
99,1,35,0.55959075,1.61587485
100,1,36,0.73132755,1.42569194
101,1,37,0.35513816,1.45285276
102,1,38,0.45690488,1.48214979
103,1,39,0.75760719,1.45562373
104,1,40,0.69479864,1.53782618
105,1,41,0.70880818,1.60323957
106,1,42,0.56694355,1.89015277
107,1,43,0.6245002,1.57336112
108,1,44,0.39060706,1.64492646
109,1,45,0.42624505,1.46396592
110,1,46,0.52349707,1.28283845
111,1,47,0.83350936,1.70178132
112,1,48,0.77022394,1.58396936
113,1,49,0.3840911,1.87701387
114,1,50,0.69719997,1.53578307
115,1,51,0.61812357,1.56678353
116,1,52,0.59007784,1.70514225
117,1,53,0.73311906,1.44456514
118,1,54,0.85992987,1.72705569
119,1,55,0.80768784,1.70152725
120,1,56,0.53199988,1.64454392
121,1,57,0.60564738,1.49116165
122,1,58,0.81584943,1.87489072
123,1,59,0.96865479,1.31606444
124,1,60,0.64797794,1.69042583
125,1,61,0.79740381,1.85163439
126,1,62,0.41694043,1.39119805
127,1,63,0.30072577,1.46072484
128,2,0,0.66416357,1.70931895
129,2,1,0.6569879,1.92893825
130,2,2,0.82357425,1.51845477
131,2,3,0.80696837,1.76529204
132,2,4,0.5096454,1.77617068
133,2,5,0.70962173,1.44110656
134,2,6,0.75021822,1.73792771
135,2,7,0.75633909,1.90513937
136,2,8,0.45241169,1.52208467
137,2,9,0.73219057,1.81386357
138,2,10,0.54486917,1.23227481
139,2,11,0.49511797,1.68730359
140,2,12,0.69630506,1.62962074
141,2,13,0.42032422,1.44058611
142,2,14,0.26892026,1.69138684
143,2,15,0.59262906,1.21739432
144,2,16,0.62255455,1.55171176
145,2,17,0.79186794,1.63437694
146,2,18,0.67904329,1.93751995
147,2,19,0.41862438,1.57539372
148,2,20,0.92186446,1.56362506
149,2,21,0.53932674,1.55502914
150,2,22,0.74519025,1.57201973
151,2,23,0.34201415,1.46158267
152,2,24,0.54717711,1.55334793
153,2,25,0.78721402,1.65832627
154,2,26,0.60802727,1.47956209
155,2,27,0.57047117,1.71626151
156,2,28,0.5910165,1.46748503
157,2,29,0.44123763,1.51912965
158,2,30,0.45577351,1.57016616
159,2,31,0.95755665,1.28069095
160,2,32,0.60725313,1.53508954
161,2,33,0.4867161,1.69097825
162,2,34,0.69491072,1.61649932
163,2,35,0.42483991,1.47679068
164,2,36,0.67315417,1.28028358
165,2,37,0.3121446,1.41648155
166,2,38,0.60833717,1.52682248
167,2,39,0.62393821,1.47218538
168,2,40,0.75217081,1.53353815
169,2,41,0.72522564,1.69661682
170,2,42,0.59059973,1.812271
171,2,43,0.58321737,1.41744155
172,2,44,0.30739348,1.72339108
173,2,45,0.67400785,1.54431881
174,2,46,0.62741581,1.31249291
175,2,47,1.05526586,1.66099749
176,2,48,0.6916964,1.50799987
177,2,49,0.25741533,1.96117198
178,2,50,0.6384916,1.43277413
179,2,51,0.54089889,1.53411684
180,2,52,0.68382009,1.64073299
181,2,53,0.7415007,1.5185024
182,2,54,0.81122646,1.67792926
183,2,55,0.91192901,1.73131133
184,2,56,0.44152474,1.67883627
185,2,57,0.53395575,1.32837648
186,2,58,0.77417078,1.93858105
187,2,59,0.68483343,1.41016846
188,2,60,0.52645952,1.62446711
189,2,61,0.5751467,1.83485766
190,2,62,0.48831855,1.36035212
191,2,63,0.49259262,1.48644487
192,3,0,0.7064579,1.61230848
193,3,1,0.58418527,1.826902
194,3,2,0.78829328,1.47402876
195,3,3,0.88746769,1.7736756
196,3,4,0.48239119,1.66074892
197,3,5,0.56293618,1.51191463
198,3,6,0.82688781,1.47285347
199,3,7,0.63597844,1.79758698
200,3,8,0.60142326,1.48531546
201,3,9,0.78353803,1.66480964
202,3,10,0.57626758,1.07319164
203,3,11,0.52906027,1.69011197
204,3,12,0.61852789,1.54532732
205,3,13,0.44457801,1.47203225
206,3,14,0.45918432,1.48642227
207,3,15,0.60910783,1.38022485
208,3,16,0.30141039,1.4663323
209,3,17,0.74436949,1.60035795
210,3,18,0.54455468,1.73639999
211,3,19,0.44614825,1.47283999
212,3,20,0.9643365,1.46211433
213,3,21,0.64420839,1.45482099
214,3,22,0.62218736,1.66574036
215,3,23,0.46891057,1.57866861
216,3,24,0.5925912,1.64960273
217,3,25,0.73739499,1.61394293
218,3,26,0.5745147,1.5449503
219,3,27,0.54437136,1.62768454
220,3,28,0.41130747,1.42960566
221,3,29,0.60878603,1.64800036
222,3,30,0.58696482,1.48669043
223,3,31,0.9952608,1.16661663
224,3,32,0.6678912,1.66912196
225,3,33,0.37412308,1.69369331
226,3,34,0.80152807,1.53057868
227,3,35,0.51856262,1.70950206
228,3,36,0.69694546,1.37058673
229,3,37,0.32036723,1.43195035
230,3,38,0.51826558,1.44314082
231,3,39,0.68632111,1.40448051
232,3,40,0.800155,1.56553481
233,3,41,0.75977506,1.58284102
234,3,42,0.61212939,1.76766149
235,3,43,0.57035761,1.61940541
236,3,44,0.48984741,1.52789403
237,3,45,0.61265846,1.66031884
238,3,46,0.6150456,1.42536268
239,3,47,0.74773182,1.45948524
240,3,48,0.56031175,1.69175278
241,3,49,0.43895985,1.92807424
242,3,50,0.72207671,1.44414143
243,3,51,0.78896444,1.61860449
244,3,52,0.55827991,1.61588926
245,3,53,0.7812988,1.40564372
246,3,54,0.74247859,1.77217559
247,3,55,0.9413206,1.78345826
248,3,56,0.65263892,1.64079224
249,3,57,0.52551638,1.41656363
250,3,58,0.70521413,1.86098917
251,3,59,0.66200122,1.47512106
252,3,60,0.56654986,1.61691278
253,3,61,0.54224943,1.75921451
254,3,62,0.55097002,1.42031969
255,3,63,0.36843876,1.37448374
256,4,0,0.69983391,1.8060075
257,4,1,0.61068261,1.63379147
258,4,2,0.7296834,1.5179875
259,4,3,0.66489311,1.69679325
260,4,4,0.5985918,1.66054881
261,4,5,0.76498551,1.54396414
262,4,6,0.86756039,1.51629417
263,4,7,0.97317356,1.78604986
264,4,8,0.58288275,1.54330299
265,4,9,0.74942035,1.77375462
266,4,10,0.53678395,1.11389642
267,4,11,0.57970984,1.63041829
268,4,12,0.63145624,1.57217838
269,4,13,0.34479935,1.62607524
270,4,14,0.1813743,1.65169156
271,4,15,0.66753325,1.08660034
272,4,16,0.47284989,1.48794085
273,4,17,0.58672573,1.54194845
274,4,18,0.42713988,1.91247264
275,4,19,0.51519828,1.57459078
276,4,20,0.92977064,1.33900872
277,4,21,0.5763615,1.51449331
278,4,22,0.56454857,1.74495709
279,4,23,0.4192513,1.5699339
280,4,24,0.62740895,1.50668393
281,4,25,0.63995066,1.7203434
282,4,26,0.39305546,1.61444338
283,4,27,0.75599237,1.67113993
284,4,28,0.5881844,1.34520985
285,4,29,0.68235766,1.48666541
286,4,30,0.52011573,1.57571142
287,4,31,0.8736838,1.21840275
288,4,32,0.52563465,1.64350574
289,4,33,0.39109858,1.73014873
290,4,34,0.60901695,1.68709043
291,4,35,0.48594441,1.50768178
292,4,36,0.63992558,1.37023218
293,4,37,0.35522827,1.57577425
294,4,38,0.46209987,1.51122386
295,4,39,0.65262977,1.42570966
296,4,40,0.78758369,1.38960057
297,4,41,0.57003997,1.67067566
298,4,42,0.64851156,1.81881612
299,4,43,0.60849872,1.60460011
300,4,44,0.38723049,1.52697508
301,4,45,0.55988055,1.46117019
302,4,46,0.61575397,1.12658453
303,4,47,0.89309035,1.58443762
304,4,48,0.72421469,1.63825671
305,4,49,0.5209715,1.99
306,4,50,0.55353222,1.4193866
307,4,51,0.54444174,1.59792629
308,4,52,0.59206399,1.48734063
309,4,53,0.75888235,1.31487456
310,4,54,0.75791807,1.60949743
311,4,55,0.71802292,1.55526209
312,4,56,0.44823708,1.75355304
313,4,57,0.5298558,1.62478935
314,4,58,0.74134451,1.77581294
315,4,59,0.72985271,1.39635403
316,4,60,0.5342624,1.64839625
317,4,61,0.82914748,1.87149045
318,4,62,0.57818118,1.34577234
319,4,63,0.46995949,1.60732629
320,5,0,0.67817477,1.8049985
321,5,1,0.68970552,1.6965624
322,5,2,0.80157091,1.60512658
323,5,3,0.93202429,1.5630357
324,5,4,0.56053103,1.57256765
325,5,5,0.61274979,1.49100954
326,5,6,0.90492301,1.48550553
327,5,7,0.79935605,1.81767608
328,5,8,0.62818709,1.61921229
329,5,9,0.80192279,1.80955469
330,5,10,0.5786991,1.0122851
331,5,11,0.61833501,1.67802413
332,5,12,0.71184566,1.44904091
333,5,13,0.28034845,1.57752486
334,5,14,0.39192292,1.60640791
335,5,15,0.57174735,1.24236889
336,5,16,0.57696305,1.46388938
337,5,17,0.70865177,1.5547086
338,5,18,0.4828617,1.73507408
339,5,19,0.45975016,1.42208332
340,5,20,0.97413282,1.34528111
341,5,21,0.60500883,1.4276817
342,5,22,0.77971247,1.69115844
343,5,23,0.52266035,1.46859158
344,5,24,0.59353162,1.52983017
345,5,25,0.67704612,1.70035228
346,5,26,0.4397929,1.66543317
347,5,27,0.89409156,1.6543934
348,5,28,0.52808901,1.54908653
349,5,29,0.73643672,1.44714561
350,5,30,0.52995407,1.45676475
351,5,31,0.8241107,1.24510434
352,5,32,0.57146917,1.52111798
353,5,33,0.49239358,1.59601921
354,5,34,0.90124679,1.45902243
355,5,35,0.54944426,1.48581656
356,5,36,0.68119745,1.37980369
357,5,37,0.27005673,1.50561972
358,5,38,0.46791328,1.52611266
359,5,39,0.70648769,1.61420616
360,5,40,0.7135758,1.47145113
361,5,41,0.62967901,1.5542932
362,5,42,0.5854868,1.91617295
363,5,43,0.7222998,1.51865071
364,5,44,0.36545827,1.61446954
365,5,45,0.50167054,1.5775914
366,5,46,0.60096304,1.12904853
367,5,47,0.93619376,1.67781687
368,5,48,0.65634466,1.51614215
369,5,49,0.41223822,1.9343666
370,5,50,0.75512115,1.67008596
371,5,51,0.58190689,1.51949206
372,5,52,0.44194117,1.47444257
373,5,53,0.7429263,1.50638666
374,5,54,0.76706604,1.7274502
375,5,55,0.7922032,1.74598516
376,5,56,0.73009698,1.61430903
377,5,57,0.568288,1.48524849
378,5,58,0.75806584,1.89627947
379,5,59,0.84687103,1.29910271
380,5,60,0.62920126,1.71484859
381,5,61,0.69161474,1.90727401
382,5,62,0.57320874,1.48308694
383,5,63,0.58496674,1.50507587
384,6,0,0.71717141,1.65919967
385,6,1,0.7318148,1.66366485
386,6,2,0.78268087,1.48331508
387,6,3,0.88678779,1.77838979
388,6,4,0.63619865,1.58354403
389,6,5,0.51212469,1.48851602
390,6,6,0.94455439,1.75285342
391,6,7,0.74652668,1.77382121
392,6,8,0.60556327,1.64640606
393,6,9,0.72979409,1.78260197
394,6,10,0.6351528,1.14755067
395,6,11,0.55045958,1.66439628
396,6,12,0.77821861,1.45651954
397,6,13,0.37967927,1.42472293
398,6,14,0.49289978,1.41749287
399,6,15,0.52697685,1.25762531
400,6,16,0.62935098,1.4873729
401,6,17,0.65875487,1.72964315
402,6,18,0.40398901,1.57136333
403,6,19,0.47938933,1.40767883
404,6,20,0.79418242,1.46097818
405,6,21,0.64167134,1.40519385
406,6,22,0.56373861,1.73269061
407,6,23,0.49433759,1.5669623
408,6,24,0.72210728,1.36051289
409,6,25,0.5506301,1.54722117
410,6,26,0.47973781,1.55961249
411,6,27,0.69308955,1.69904488
412,6,28,0.46581477,1.53577691
413,6,29,0.60570757,1.56581805
414,6,30,0.59319576,1.50330774
415,6,31,0.97945684,1.34187314
416,6,32,0.70542697,1.67633395
417,6,33,0.51309878,1.62146229
418,6,34,0.77223661,1.6415601
419,6,35,0.4187958,1.63447087
420,6,36,0.68415063,1.19881608
421,6,37,0.37233156,1.40800277
422,6,38,0.52405731,1.42196661
423,6,39,0.64986824,1.25407885
424,6,40,0.73061921,1.3074805
425,6,41,0.55502674,1.6470245
426,6,42,0.7015505,1.84254819
427,6,43,0.53351008,1.54795347
428,6,44,0.43396723,1.47154709
429,6,45,0.66832896,1.5846058
430,6,46,0.56926078,1.23991889
431,6,47,0.83127269,1.35826783
432,6,48,0.68780228,1.48005949
433,6,49,0.3114481,1.872582
434,6,50,0.84846125,1.54799699
435,6,51,0.55257707,1.61662243
436,6,52,0.66644386,1.59434763
437,6,53,0.7525556,1.29852705
438,6,54,0.86654152,1.72848595
439,6,55,0.8673412,1.6891874
440,6,56,0.61411532,1.60141968
441,6,57,0.7150434,1.40498355
442,6,58,0.87174411,1.68086782
443,6,59,0.9412426,1.33113891
444,6,60,0.53204415,1.5749014
445,6,61,0.6025571,1.88808532
446,6,62,0.53191032,1.33110725
447,6,63,0.47465437,1.61202067
448,7,0,0.87158117,1.66976996
449,7,1,0.64117123,1.72602371
450,7,2,0.80510531,1.42036027
451,7,3,0.86673495,1.53002841
452,7,4,0.65568544,1.61900628
453,7,5,0.58509513,1.54213617
454,7,6,0.79769126,1.45004455
455,7,7,0.79194195,1.82745855
456,7,8,0.72316365,1.47090055
457,7,9,0.82654907,1.74460107
458,7,10,0.57554776,1.19071623
459,7,11,0.64119696,1.5101592
460,7,12,0.81328816,1.63644957
461,7,13,0.32183354,1.49979838
462,7,14,0.43965533,1.54760321
463,7,15,0.53050305,1.16111999
464,7,16,0.5049016,1.57385274
465,7,17,0.74949571,1.53690294
466,7,18,0.58440288,1.50678589
467,7,19,0.5389263,1.29606756
468,7,20,0.84972263,1.30213757
469,7,21,0.52142963,1.53058778
470,7,22,0.63158373,1.67801583
471,7,23,0.44140472,1.60046113
472,7,24,0.58335894,1.33088179
473,7,25,0.75521033,1.55047479
474,7,26,0.36169501,1.49329762
475,7,27,0.83528608,1.72629968
476,7,28,0.54088262,1.37973662
477,7,29,0.58938573,1.62997571
478,7,30,0.59916944,1.48857231
479,7,31,1.019135,1.31256109
480,7,32,0.63612264,1.54169525
481,7,33,0.49448585,1.54916571
482,7,34,0.8404627,1.51790789
483,7,35,0.53435525,1.4713398
484,7,36,0.69649095,1.14082353
485,7,37,0.43822629,1.47760748
486,7,38,0.5394835,1.22987759
487,7,39,0.85546976,1.38147644
488,7,40,0.85829521,1.40559987
489,7,41,0.73359775,1.48931958
490,7,42,0.59162184,1.94903559
491,7,43,0.59845045,1.5565665
492,7,44,0.50669771,1.59127231
493,7,45,0.56292748,1.53101519
494,7,46,0.78204803,1.22056001
495,7,47,0.83352685,1.59306047
496,7,48,0.79885541,1.61698215
497,7,49,0.44551299,1.79103112
498,7,50,0.83815771,1.39242342
499,7,51,0.62531909,1.49787523
500,7,52,0.55220123,1.53407942
501,7,53,0.77633062,1.37143715
502,7,54,0.94261742,1.72069136
503,7,55,0.77903008,1.70290213
504,7,56,0.62814561,1.53343136
505,7,57,0.66028074,1.4326709
506,7,58,0.68475503,1.83346089
507,7,59,0.79319792,1.31275365
508,7,60,0.57314871,1.60226008
509,7,61,0.54331974,1.72634947
510,7,62,0.62048075,1.29664784
511,7,63,0.40012821,1.25576933
512,8,0,0.68577623,1.51635824
513,8,1,0.77300761,1.78454792
514,8,2,0.7044873,1.6697199
515,8,3,0.96938176,1.62486997
516,8,4,0.42731058,1.73784736
517,8,5,0.5160997,1.27192669
518,8,6,0.9810736,1.74971608
519,8,7,0.88824308,1.77614476
520,8,8,0.63954523,1.56322589
521,8,9,0.80448434,1.75751841
522,8,10,0.60120948,1.10235733
523,8,11,0.53220941,1.60115792
524,8,12,0.56324384,1.50551644
525,8,13,0.29630672,1.3671883
526,8,14,0.4180399,1.62545085
527,8,15,0.65150824,1.07655116
528,8,16,0.43129112,1.54263746
529,8,17,0.63092415,1.53592278
530,8,18,0.5701866,1.6445431
531,8,19,0.45897053,1.31586398
532,8,20,0.83412395,1.40463506
533,8,21,0.5010801,1.46030097
534,8,22,0.67094425,1.68183606
535,8,23,0.46658695,1.65877045
536,8,24,0.5907466,1.38651008
537,8,25,0.68880823,1.62078051
538,8,26,0.49364581,1.51813552
539,8,27,0.66258141,1.59259123
540,8,28,0.46008182,1.53498473
541,8,29,0.51912292,1.39574481
542,8,30,0.51465747,1.51310428
543,8,31,0.9166318,1.38061867
544,8,32,0.60648221,1.56706412
545,8,33,0.43690164,1.71109677
546,8,34,0.69075991,1.52587923
547,8,35,0.52996165,1.49824241
548,8,36,0.67889257,1.27763528
549,8,37,0.37194044,1.42546959
550,8,38,0.54026847,1.62576121
551,8,39,0.64731589,1.27040072
552,8,40,0.76609347,1.68251044
553,8,41,0.62379732,1.69206352
554,8,42,0.77925487,1.73896738
555,8,43,0.66273914,1.65678495
556,8,44,0.41027753,1.52267268
557,8,45,0.50787494,1.40797912
558,8,46,0.54134802,1.11459565
559,8,47,0.82368106,1.43475161
560,8,48,0.73263166,1.38488943
561,8,49,0.42440044,1.93649518
562,8,50,0.55149979,1.50139693
563,8,51,0.70283722,1.44878737
564,8,52,0.69465353,1.52864131
565,8,53,0.69773654,1.32056332
566,8,54,0.86170213,1.6778304
567,8,55,0.84517854,1.53946262
568,8,56,0.55005228,1.50588418
569,8,57,0.6071061,1.29160582
570,8,58,0.65323316,1.80963315
571,8,59,0.89602262,1.33877994
572,8,60,0.50312489,1.56304244
573,8,61,0.73158501,1.84023225
574,8,62,0.68198216,1.38321153
575,8,63,0.49831898,1.39065257
576,9,0,0.7518174,1.59728728
577,9,1,0.70253605,1.76757819
578,9,2,0.70090112,1.37030584
579,9,3,0.74818505,1.67877524
580,9,4,0.54323467,1.36962015
581,9,5,0.66259275,1.59027799
582,9,6,0.90302325,1.6088946
583,9,7,0.78828856,1.71040031
584,9,8,0.66973196,1.45901013
585,9,9,0.76940239,1.74803837
586,9,10,0.54366711,1.17400762
587,9,11,0.58277076,1.55043176
588,9,12,0.74584213,1.42878562
589,9,13,0.38188946,1.44202537
590,9,14,0.49476097,1.53934597
591,9,15,0.58028171,1.25489196
592,9,16,0.62591894,1.49928004
593,9,17,0.71459231,1.43622598
594,9,18,0.4452143,1.68487213
595,9,19,0.40602047,1.39490776
596,9,20,0.89100631,1.40870738
597,9,21,0.62712065,1.45126257
598,9,22,0.68191418,1.46687899
599,9,23,0.37776794,1.52539166
600,9,24,0.48819401,1.45613626
601,9,25,0.80572546,1.66209706
602,9,26,0.47690253,1.62142572
603,9,27,0.7348751,1.60593587
604,9,28,0.52745898,1.35810046
605,9,29,0.59181879,1.45208997
606,9,30,0.58921693,1.42903345
607,9,31,0.97942378,1.36333046
608,9,32,0.74056675,1.4132322
609,9,33,0.30365667,1.60150988
610,9,34,0.68065844,1.47039178
611,9,35,0.38989141,1.30825949
612,9,36,0.74127356,1.3360328
613,9,37,0.32655565,1.21722581
614,9,38,0.42369954,1.46754314
615,9,39,0.57784326,1.3819332
616,9,40,0.7761722,1.50975646
617,9,41,0.70189867,1.47036811
618,9,42,0.74500548,1.75785152
619,9,43,0.61927708,1.43913123
620,9,44,0.40938612,1.45545434
621,9,45,0.54481468,1.61337579
622,9,46,0.48777909,1.0707054
623,9,47,0.94288896,1.46688302
624,9,48,0.66464392,1.5798329
625,9,49,0.35372173,1.99
626,9,50,0.76947367,1.41971894
627,9,51,0.78144932,1.4843809
628,9,52,0.62445633,1.50634264
629,9,53,0.86251775,1.43722519
630,9,54,0.82383726,1.59875599
631,9,55,0.84311679,1.54617872
632,9,56,0.70181535,1.61718361
633,9,57,0.59101942,1.3659723
634,9,58,0.60854641,1.62029602
635,9,59,0.90899188,1.22477679
636,9,60,0.51099799,1.61856678
637,9,61,0.73363449,1.8736906
638,9,62,0.58036057,1.27848194
639,9,63,0.37345115,1.52276803
640,10,0,0.72033026,1.5766339
641,10,1,0.75715341,1.72275608
642,10,2,0.80526183,1.63722034
643,10,3,0.84861055,1.69957882
644,10,4,0.64107557,1.55055446
645,10,5,0.75879446,1.41868057
646,10,6,0.95158314,1.6148316
647,10,7,0.75755652,1.63839038
648,10,8,0.51763163,1.31213924
649,10,9,0.9175181,1.62126155
650,10,10,0.58442458,1.05971484
651,10,11,0.6263706,1.66336603
652,10,12,0.77676975,1.44123254
653,10,13,0.37127575,1.45257697
654,10,14,0.39300456,1.61717344
655,10,15,0.62657239,1.23547656
656,10,16,0.57274336,1.5357488
657,10,17,0.73325635,1.424642
658,10,18,0.56740895,1.64439723
659,10,19,0.41750264,1.44399026
660,10,20,0.99054749,1.35524936
661,10,21,0.66247772,1.53573531
662,10,22,0.70102701,1.82026664
663,10,23,0.50316607,1.38327332
664,10,24,0.65024745,1.42585031
665,10,25,0.79145614,1.6056663
666,10,26,0.48791201,1.39143945
667,10,27,0.71127037,1.55207678
668,10,28,0.53509985,1.41659998
669,10,29,0.76147583,1.45724607
670,10,30,0.48571089,1.45157366
671,10,31,1.04520977,1.2065118
672,10,32,0.65889157,1.52041477
673,10,33,0.45018902,1.5658424
674,10,34,0.78534341,1.50915129
675,10,35,0.41751161,1.40463694
676,10,36,0.76075758,1.23268941
677,10,37,0.51584412,1.37975398
678,10,38,0.4903844,1.49802176
679,10,39,0.58769745,1.21361538
680,10,40,0.66035501,1.55163554
681,10,41,0.65319412,1.74008524
682,10,42,0.60915048,1.77251366
683,10,43,0.74984077,1.66149578
684,10,44,0.61477952,1.61012353
685,10,45,0.6455859,1.51105694
686,10,46,0.6648106,1.14291113
687,10,47,0.76474995,1.47057463
688,10,48,0.7095655,1.44759796
689,10,49,0.4628925,1.92073241
690,10,50,0.72732267,1.56416993
691,10,51,0.52254006,1.50456102
692,10,52,0.51275344,1.32029198
693,10,53,0.75677452,1.28978017
694,10,54,0.94736344,1.69671003
695,10,55,0.7293946,1.73593903
696,10,56,0.6434376,1.64004428
697,10,57,0.60713694,1.26165842
698,10,58,0.6915505,1.77234071
699,10,59,0.9687362,1.3880035
700,10,60,0.56065344,1.47328084
701,10,61,0.65505958,1.66191487
702,10,62,0.5315407,1.31443302
703,10,63,0.45492361,1.26230077
704,11,0,0.79305442,1.54123442
705,11,1,0.5631263,1.43562664
706,11,2,0.77241138,1.59295022
707,11,3,1.03881451,1.57593385
708,11,4,0.59415932,1.55371896
709,11,5,0.56246791,1.389347
710,11,6,0.97562764,1.61433561
711,11,7,0.78456218,1.6763832
712,11,8,0.53679953,1.39044728
713,11,9,0.74072499,1.7260574
714,11,10,0.68103341,1.00475553
715,11,11,0.72701492,1.5635671
716,11,12,0.71204425,1.41525174
717,11,13,0.19652804,1.48784414
718,11,14,0.47766913,1.45322952
719,11,15,0.59847542,1.20511141
720,11,16,0.40053096,1.38669661
721,11,17,0.78813757,1.41519534
722,11,18,0.56474032,1.57512917
723,11,19,0.50292814,1.38137976
724,11,20,0.76809606,1.43387672
725,11,21,0.58482552,1.32188786
726,11,22,0.70363406,1.69117292
727,11,23,0.38248132,1.51621867
728,11,24,0.6301072,1.43795603
729,11,25,0.70821301,1.5095995
730,11,26,0.43860304,1.48342476
731,11,27,0.64804287,1.37356032
732,11,28,0.62228827,1.42897844
733,11,29,0.44467064,1.33204383
734,11,30,0.63673564,1.56775503
735,11,31,0.95696452,1.18420413
736,11,32,0.66080299,1.61637977
737,11,33,0.46712552,1.43719454
738,11,34,0.76222155,1.38647234
739,11,35,0.50414637,1.55675782
740,11,36,0.73463517,1.22947772
741,11,37,0.36016387,1.27381955
742,11,38,0.54888017,1.40433746
743,11,39,0.69255009,1.59707863
744,11,40,0.81212951,1.37763547
745,11,41,0.66905593,1.6144549
746,11,42,0.66917368,1.62983726
747,11,43,0.70583205,1.43470676
748,11,44,0.60554482,1.58700802
749,11,45,0.53369691,1.55328603
750,11,46,0.61379192,1.24237782
751,11,47,0.87480625,1.390286
752,11,48,0.67751805,1.55340301
753,11,49,0.38622124,1.79916605
754,11,50,0.64966208,1.46700539
755,11,51,0.78469894,1.42180108
756,11,52,0.57785855,1.56974249
757,11,53,0.76283943,1.32285965
758,11,54,0.74711774,1.6676596
759,11,55,0.80217977,1.65361997
760,11,56,0.64656755,1.7877915
761,11,57,0.67744809,1.3516272
762,11,58,0.74269955,1.64413746
763,11,59,0.85086977,1.22806184
764,11,60,0.61906004,1.65540798
765,11,61,0.56908704,1.88173024
766,11,62,0.61687825,1.30394568
767,11,63,0.32827991,1.32840119
768,12,0,0.86239861,1.56910316
769,12,1,0.5834481,1.61210774
770,12,2,0.84853481,1.4819909
771,12,3,0.89347183,1.57023771
772,12,4,0.61766826,1.42950632
773,12,5,0.77824143,1.32650013
774,12,6,1.01838653,1.62496836
775,12,7,0.879112,1.64522959
776,12,8,0.64600917,1.44174418
777,12,9,0.69321978,1.70969902
778,12,10,0.52029609,1.15110632
779,12,11,0.57710308,1.58843188
780,12,12,0.74308929,1.4413984
781,12,13,0.44407539,1.36621034
782,12,14,0.49509803,1.35513947
783,12,15,0.60989916,1.30603272
784,12,16,0.45218075,1.36188335
785,12,17,0.77238165,1.51698716
786,12,18,0.57597872,1.70987281
787,12,19,0.52306409,1.46008919
788,12,20,0.93676473,1.30847908
789,12,21,0.70407137,1.52578073
790,12,22,0.68365045,1.50840171
791,12,23,0.55898615,1.48873591
792,12,24,0.42866095,1.43738344
793,12,25,0.65794406,1.51880119
794,12,26,0.53804131,1.47885534
795,12,27,0.79724277,1.55951157
796,12,28,0.63508458,1.32298203
797,12,29,0.6994827,1.44913381
798,12,30,0.51904083,1.47711608
799,12,31,0.91909657,1.29417111
800,12,32,0.71149032,1.64052647
801,12,33,0.507598,1.46026668
802,12,34,0.80596009,1.42556637
803,12,35,0.56500073,1.28456081
804,12,36,0.63116687,1.15132389
805,12,37,0.46620601,1.522806
806,12,38,0.47654808,1.38414082
807,12,39,0.71926528,1.42166241
808,12,40,0.72071366,1.44393039
809,12,41,0.78785298,1.54974889
810,12,42,0.68195121,1.81206531
811,12,43,0.42270779,1.52947043
812,12,44,0.41002757,1.34123566
813,12,45,0.6170515,1.54777953
814,12,46,0.60404023,1.23746801
815,12,47,0.97168252,1.55026981
816,12,48,0.86687183,1.51745846
817,12,49,0.42571059,1.69038278
818,12,50,0.71305952,1.35273986
819,12,51,0.800045,1.48021497
820,12,52,0.59245001,1.4879658
821,12,53,0.77937156,1.40935611
822,12,54,0.7889699,1.63604575
823,12,55,0.76442629,1.45624189
824,12,56,0.50930777,1.56474558
825,12,57,0.60340589,1.25725194
826,12,58,0.62131604,1.65282443
827,12,59,0.71008606,1.29958055
828,12,60,0.61885097,1.42047818
829,12,61,0.63154635,1.71744956
830,12,62,0.54371564,1.40770932
831,12,63,0.35468713,1.37331116
832,13,0,0.75338978,1.61165191
833,13,1,0.68800936,1.57934429
834,13,2,0.76332224,1.36158224
835,13,3,1.00622833,1.5883007
836,13,4,0.80866552,1.48545837
837,13,5,0.59990019,1.21820071
838,13,6,0.78432402,1.36354429
839,13,7,0.82817862,1.70746932
840,13,8,0.49477686,1.50229499
841,13,9,0.7344324,1.68250582
842,13,10,0.75115827,1.11485121
843,13,11,0.60035136,1.48805583
844,13,12,0.55584238,1.39159062
845,13,13,0.38781082,1.31224036
846,13,14,0.42245504,1.4559781
847,13,15,0.58936167,1.08593028
848,13,16,0.55326098,1.4384703
849,13,17,0.65159845,1.6025073
850,13,18,0.54760261,1.65925791
851,13,19,0.53650487,1.37698259
852,13,20,0.98779152,1.33776172
853,13,21,0.60883184,1.38972255
854,13,22,0.61032441,1.58206092
855,13,23,0.47532265,1.46872915
856,13,24,0.59975287,1.20605387
857,13,25,0.66443367,1.52048354
858,13,26,0.53183275,1.36841345
859,13,27,0.84930461,1.51206859
860,13,28,0.67915405,1.36493341
861,13,29,0.59624103,1.52894138
862,13,30,0.50594634,1.45078194
863,13,31,1.04958159,1.16288897
864,13,32,0.80106592,1.46048015
865,13,33,0.55613213,1.49604987
866,13,34,0.80433031,1.50169751
867,13,35,0.57204583,1.2609952
868,13,36,0.82737003,1.09076086
869,13,37,0.48034645,1.46310544
870,13,38,0.40518805,1.35179351
871,13,39,0.63276609,1.29853056
872,13,40,0.77782052,1.47424581
873,13,41,0.82222322,1.60832816
874,13,42,0.62937259,1.70225596
875,13,43,0.51185267,1.3977829
876,13,44,0.54710311,1.60394501
877,13,45,0.48496874,1.3775018
878,13,46,0.620485,1.17066304
879,13,47,0.78549333,1.46601363
880,13,48,0.70532887,1.44394418
881,13,49,0.47093999,1.80606593
882,13,50,0.705395,1.3984429
883,13,51,0.6268619,1.45169705
884,13,52,0.56945129,1.55875084
885,13,53,0.82831828,1.2371257
886,13,54,0.90209956,1.58078369
887,13,55,0.92523526,1.57842716
888,13,56,0.55722648,1.59053797
889,13,57,0.51964133,1.20951631
890,13,58,0.64586879,1.65792042
891,13,59,0.97662625,1.40429218
892,13,60,0.67086123,1.56416195
893,13,61,0.51975981,1.72122027
894,13,62,0.46272033,1.23781757
895,13,63,0.49881078,1.31335392
896,14,0,0.6163428,1.60471725
897,14,1,0.59362057,1.64558131
898,14,2,0.96325956,1.33865327
899,14,3,0.72621114,1.55065516
900,14,4,0.75313343,1.63391876
901,14,5,0.56669515,1.36597353
902,14,6,0.89983675,1.46873903
903,14,7,1.02684234,1.53347342
904,14,8,0.65005768,1.45504711
905,14,9,0.86842657,1.66554076
906,14,10,0.65531105,0.99871191
907,14,11,0.65185035,1.51883555
908,14,12,0.78619975,1.40649379
909,14,13,0.44335566,1.37581343
910,14,14,0.53152601,1.43265818
911,14,15,0.47399393,1.22582394
912,14,16,0.47579641,1.33775347
913,14,17,0.69966386,1.58652749
914,14,18,0.39312211,1.89570955
915,14,19,0.57281865,1.36312414
916,14,20,0.91563546,1.32457584
917,14,21,0.70800301,1.39935925
918,14,22,0.75475725,1.56748233
919,14,23,0.47068036,1.46021636
920,14,24,0.60292959,1.43424314
921,14,25,0.76430259,1.26476458
922,14,26,0.58000269,1.45314609
923,14,27,0.75503766,1.53722083
924,14,28,0.70001288,1.39349971
925,14,29,0.59459539,1.40642042
926,14,30,0.53219113,1.25381988
927,14,31,0.92788401,1.27246979
928,14,32,0.77440508,1.50847043
929,14,33,0.59953069,1.50345811
930,14,34,0.77224287,1.45832638
931,14,35,0.58108588,1.44816079
932,14,36,0.82662227,1.26736425
933,14,37,0.434345,1.44552078
934,14,38,0.49883005,1.30104841
935,14,39,0.71666349,1.24307176
936,14,40,0.75693539,1.38725121
937,14,41,0.66249131,1.45897626
938,14,42,0.53134325,1.72299694
939,14,43,0.65511055,1.38382514
940,14,44,0.53114102,1.53664373
941,14,45,0.46359824,1.35082069
942,14,46,0.56955246,1.05999763
943,14,47,0.92510598,1.40352239
944,14,48,0.73056122,1.2717311
945,14,49,0.48655708,1.6933512
946,14,50,0.75358687,1.41634157
947,14,51,0.75127001,1.36353203
948,14,52,0.35708039,1.43250676
949,14,53,0.935972,1.34681956
950,14,54,0.87160234,1.55509809
951,14,55,0.90444149,1.45791182
952,14,56,0.61240565,1.58209796
953,14,57,0.7386146,1.50737024
954,14,58,0.78126245,1.59270762
955,14,59,0.84446549,1.07120183
956,14,60,0.57272648,1.47829153
957,14,61,0.63040374,1.76376229
958,14,62,0.46843582,1.36410756
959,14,63,0.52076523,1.33731687
960,15,0,0.75790156,1.54416456
961,15,1,0.75489423,1.54393602
962,15,2,0.75412998,1.37477083
963,15,3,0.83041082,1.49485974
964,15,4,0.63640534,1.53406697
965,15,5,0.69551038,1.32858966
966,15,6,1.01457977,1.45309003
967,15,7,0.85597841,1.63231818
968,15,8,0.66043385,1.35787583
969,15,9,0.59590465,1.63382465
970,15,10,0.75393321,1.0910059
971,15,11,0.71699835,1.63204627
972,15,12,0.75301296,1.43871275
973,15,13,0.37322183,1.3397335
974,15,14,0.50015003,1.5199453
975,15,15,0.61412718,1.07571995
976,15,16,0.55774358,1.42501619
977,15,17,0.64125473,1.27974284
978,15,18,0.52937946,1.53389755
979,15,19,0.45712924,1.32030747
980,15,20,0.89321346,1.4047938
981,15,21,0.70189915,1.35864483
982,15,22,0.76953182,1.4560741
983,15,23,0.57904273,1.45312196
984,15,24,0.68160706,1.24465782
985,15,25,0.6019637,1.55229172
986,15,26,0.56708974,1.35226794
987,15,27,0.69640767,1.64520196
988,15,28,0.52437726,1.43597631
989,15,29,0.59382229,1.41179247
990,15,30,0.59308055,1.3993092
991,15,31,0.94393862,1.17731976
992,15,32,0.71087497,1.37411348
993,15,33,0.61023532,1.40797164
994,15,34,0.81471976,1.3310895
995,15,35,0.32151278,1.35940014
996,15,36,0.93396479,1.26033316
997,15,37,0.41413467,1.32574237
998,15,38,0.51219538,1.40223278
999,15,39,0.64469018,1.37867458
1000,15,40,0.87762651,1.44313243
1001,15,41,0.77040932,1.47204739
1002,15,42,0.74610767,1.74014345
1003,15,43,0.6361372,1.39016896
1004,15,44,0.49599622,1.5724246
1005,15,45,0.50252082,1.28130152
1006,15,46,0.65371107,1.12612577
1007,15,47,0.88206168,1.42540961
1008,15,48,0.74331258,1.53809404
1009,15,49,0.31709767,1.71307699
1010,15,50,0.74997823,1.24956118
1011,15,51,0.63779532,1.58802015
1012,15,52,0.60975863,1.42311974
1013,15,53,0.70056428,1.18525981
1014,15,54,0.83426023,1.55587665
1015,15,55,0.95184954,1.56727567
1016,15,56,0.49482675,1.54824561
1017,15,57,0.7031019,1.36467424
1018,15,58,0.88575879,1.53908204
1019,15,59,0.79108918,1.09898655
1020,15,60,0.61902829,1.53520767
1021,15,61,0.76076393,1.7323627
1022,15,62,0.51808797,1.27343062
1023,15,63,0.46338359,1.49208887
1024,16,0,0.66596028,1.53331592
1025,16,1,0.8612149,1.60063779
1026,16,2,0.8020162,1.35726065
1027,16,3,0.93408919,1.65701562
1028,16,4,0.50799408,1.5735779
1029,16,5,0.57102893,1.27855765
1030,16,6,0.92260841,1.4979514
1031,16,7,0.70733131,1.6643371
1032,16,8,0.81158966,1.28222998
1033,16,9,0.81662654,1.57839578
1034,16,10,0.68462437,1.00522786
1035,16,11,0.59888763,1.55897296
1036,16,12,0.90070823,1.39444256
1037,16,13,0.49065464,1.24834486
1038,16,14,0.38481346,1.44821442
1039,16,15,0.7544522,1.12697153
1040,16,16,0.54309673,1.36365033
1041,16,17,0.66717053,1.49858591
1042,16,18,0.65444908,1.58217468
1043,16,19,0.47061712,1.34018753
1044,16,20,0.90497578,1.27009315
1045,16,21,0.85417734,1.30163219
1046,16,22,0.70152806,1.48216478
1047,16,23,0.56588917,1.43147254
1048,16,24,0.58645879,1.42289809
1049,16,25,0.85027267,1.42561403
1050,16,26,0.39809381,1.49182053
1051,16,27,0.72165036,1.6052046
1052,16,28,0.47236194,1.36275763
1053,16,29,0.57941823,1.40596961
1054,16,30,0.6309519,1.26152643
1055,16,31,0.96534487,1.23203604
1056,16,32,0.72651302,1.48782888
1057,16,33,0.71952465,1.31067676
1058,16,34,0.97282479,1.4057733
1059,16,35,0.46503677,1.25504464
1060,16,36,0.73626595,1.2580842
1061,16,37,0.4159116,1.4544534
1062,16,38,0.40474408,1.34428351
1063,16,39,0.64940375,1.30540676
1064,16,40,0.90178702,1.338804
1065,16,41,0.53743418,1.47318128
1066,16,42,0.73765789,1.71192927
1067,16,43,0.77376306,1.33716018
1068,16,44,0.55270503,1.53069096
1069,16,45,0.46980241,1.41106306
1070,16,46,0.61063584,1.10232031
1071,16,47,0.9064485,1.35370244
1072,16,48,0.71755214,1.40842453
1073,16,49,0.36863035,1.67927811
1074,16,50,0.8230285,1.27590014
1075,16,51,0.7156087,1.47889721
1076,16,52,0.48046321,1.33724586
1077,16,53,0.90734624,1.14286285
1078,16,54,0.83756363,1.6050461
1079,16,55,0.9224293,1.48932465
1080,16,56,0.5463826,1.62910218
1081,16,57,0.81279616,1.33855833
1082,16,58,0.77658101,1.54241569
1083,16,59,0.79996226,1.22818127
1084,16,60,0.68166177,1.59681425
1085,16,61,0.7442532,1.60497972
1086,16,62,0.63827161,1.1682325
1087,16,63,0.50991735,1.33172916
1088,17,0,0.96569287,1.7540372
1089,17,1,0.75933055,1.57214511
1090,17,2,0.87144608,1.44357575
1091,17,3,0.93433342,1.67751168
1092,17,4,0.714815,1.47742969
1093,17,5,0.74968574,1.3203238
1094,17,6,1.03552951,1.38819392
1095,17,7,0.80198342,1.52605798
1096,17,8,0.69627129,1.44030585
1097,17,9,0.84953818,1.75202078
1098,17,10,0.66157201,1.04390241
1099,17,11,0.57433681,1.47568224
1100,17,12,0.82346971,1.46435007
1101,17,13,0.42102295,1.3327858
1102,17,14,0.35136477,1.36856662
1103,17,15,0.71841987,1.1312459
1104,17,16,0.61966094,1.35439595
1105,17,17,0.7792345,1.38410603
1106,17,18,0.65123501,1.63872678
1107,17,19,0.5590483,1.26354152
1108,17,20,0.77911223,1.34986302
1109,17,21,0.65935891,1.23907922
1110,17,22,0.79713989,1.48931415
1111,17,23,0.60261503,1.48203798
1112,17,24,0.70456048,1.19462435
1113,17,25,0.84512625,1.481255
1114,17,26,0.52934114,1.40939755
1115,17,27,0.64578823,1.56135381
1116,17,28,0.55908682,1.16984325
1117,17,29,0.56598955,1.42323059
1118,17,30,0.59093528,1.44724683
1119,17,31,0.96650996,1.02724896
1120,17,32,0.64018581,1.52664781
1121,17,33,0.56040385,1.37866015
1122,17,34,0.86771554,1.42427448
1123,17,35,0.6377977,1.46405671
1124,17,36,0.73408039,1.06497541
1125,17,37,0.40450462,1.34109048
1126,17,38,0.45520373,1.25538559
1127,17,39,0.78856456,1.25913106
1128,17,40,0.84492609,1.29849236
1129,17,41,0.73880553,1.37003382
1130,17,42,0.78540098,1.74911267
1131,17,43,0.53867176,1.33519064
1132,17,44,0.39003171,1.36999548
1133,17,45,0.61688068,1.25622633
1134,17,46,0.58868775,1.01523257
1135,17,47,0.90668207,1.3849353
1136,17,48,0.72533609,1.40654504
1137,17,49,0.42334192,1.73111875
1138,17,50,0.91402111,1.46174758
1139,17,51,0.56980351,1.49497553
1140,17,52,0.69490577,1.28629701
1141,17,53,0.888786,1.33109769
1142,17,54,0.79637869,1.48138804
1143,17,55,0.95263728,1.51787442
1144,17,56,0.64976782,1.52926677
1145,17,57,0.71640616,1.14083895
1146,17,58,0.86500728,1.68735118
1147,17,59,0.85951286,1.16960902
1148,17,60,0.53716761,1.51253378
1149,17,61,0.7494481,1.7069579
1150,17,62,0.65553037,1.20805821
1151,17,63,0.59726983,1.21684703
1152,18,0,0.81667947,1.47791905
1153,18,1,0.74134151,1.54386237
1154,18,2,0.83069199,1.42527077
1155,18,3,0.93756986,1.39199229
1156,18,4,0.84890023,1.53475025
1157,18,5,0.60555496,1.32839718
1158,18,6,0.94070046,1.44527684
1159,18,7,0.88270966,1.58194138
1160,18,8,0.61093411,1.30937133
1161,18,9,0.75214517,1.53813929
1162,18,10,0.6691696,0.91976595
1163,18,11,0.72876122,1.61225359
1164,18,12,0.7339466,1.40219794
1165,18,13,0.49703929,1.3628976
1166,18,14,0.49139527,1.44316723
1167,18,15,0.69829331,0.97284019
1168,18,16,0.66166434,1.408021
1169,18,17,0.73013073,1.42659043
1170,18,18,0.66251923,1.57492752
1171,18,19,0.61804921,1.48135779
1172,18,20,0.90102495,1.13823091
1173,18,21,0.73449556,1.35244996
1174,18,22,0.73571644,1.62355969
1175,18,23,0.42325583,1.47473467
1176,18,24,0.61393024,1.42807472
1177,18,25,0.92009614,1.38564611
1178,18,26,0.52744291,1.45331718
1179,18,27,0.76944077,1.51165237
1180,18,28,0.65599179,1.1111067
1181,18,29,0.69919544,1.26566097
1182,18,30,0.6143507,1.42666286
1183,18,31,0.9213777,1.21551769
1184,18,32,0.7197149,1.39202575
1185,18,33,0.64862963,1.43635091
1186,18,34,0.9130873,1.44821031
1187,18,35,0.5344253,1.28582151
1188,18,36,0.68857402,1.09165006
1189,18,37,0.68603355,1.40646609
1190,18,38,0.43674266,1.2127847
1191,18,39,0.81213499,1.29342811
1192,18,40,0.89873721,1.3253992
1193,18,41,0.75972542,1.45682651
1194,18,42,0.73358072,1.47537237
1195,18,43,0.68050699,1.32806268
1196,18,44,0.53629513,1.6474418
1197,18,45,0.66547842,1.33373926
1198,18,46,0.74870482,1.12078787
1199,18,47,0.93623241,1.41455948
1200,18,48,0.96012275,1.28855198
1201,18,49,0.51749106,1.66536435
1202,18,50,0.83711013,1.26763945
1203,18,51,0.65290483,1.39161343
1204,18,52,0.72058356,1.43825811
1205,18,53,0.73615057,1.19908154
1206,18,54,0.84194006,1.44073155
1207,18,55,0.86638717,1.45809985
1208,18,56,0.81231121,1.5232801
1209,18,57,0.58746526,1.18839848
1210,18,58,0.8754567,1.74748309
1211,18,59,0.76350962,1.00931691
1212,18,60,0.8218576,1.48918622
1213,18,61,0.64674425,1.74132719
1214,18,62,0.36724645,1.22167811
1215,18,63,0.59085122,1.35898547
1216,19,0,0.75106469,1.48525945
1217,19,1,0.66289562,1.58039231
1218,19,2,0.78319481,1.31307602
1219,19,3,0.90645849,1.55914644
1220,19,4,0.79122232,1.39200136
1221,19,5,0.72560773,1.14387033
1222,19,6,0.97057703,1.40671858
1223,19,7,1.0824479,1.49827373
1224,19,8,0.80438226,1.4309004
1225,19,9,0.86150416,1.73191179
1226,19,10,0.71792502,0.99469657
1227,19,11,0.68356012,1.57769649
1228,19,12,0.88168112,1.31952848
1229,19,13,0.36513743,1.29543605
1230,19,14,0.43492848,1.36520775
1231,19,15,0.77232116,1.02180613
1232,19,16,0.6023187,1.32821664
1233,19,17,0.87268081,1.23034134
1234,19,18,0.5729296,1.59511241
1235,19,19,0.64183,1.23943288
1236,19,20,0.82739234,1.28482848
1237,19,21,0.6729738,1.18608871
1238,19,22,0.71785084,1.47907389
1239,19,23,0.49557744,1.22939299
1240,19,24,0.74777713,1.37905158
1241,19,25,0.82642939,1.34250087
1242,19,26,0.56890088,1.37056553
1243,19,27,0.86192749,1.55528959
1244,19,28,0.60883953,1.25777728
1245,19,29,0.75049761,1.42384207
1246,19,30,0.72377377,1.36083392
1247,19,31,1.0422171,1.24983509
1248,19,32,0.78842568,1.33205661
1249,19,33,0.7112822,1.45151616
1250,19,34,0.84560745,1.31893319
1251,19,35,0.59826873,1.35839232
1252,19,36,0.80478216,1.16912469
1253,19,37,0.59971531,1.37915226
1254,19,38,0.57369218,1.38042327
1255,19,39,0.70459651,1.26801818
1256,19,40,1.01318373,1.31488908
1257,19,41,0.71556377,1.36496612
1258,19,42,0.65315135,1.57667254
1259,19,43,0.68286304,1.27026691
1260,19,44,0.53714041,1.46734034
1261,19,45,0.57707211,1.46690143
1262,19,46,0.72943679,1.15115637
1263,19,47,0.86361081,1.42091054
1264,19,48,0.72185727,1.43677994
1265,19,49,0.50696036,1.77027202
1266,19,50,0.71223427,1.25606587
1267,19,51,0.74768515,1.32588987
1268,19,52,0.69318744,1.24194781
1269,19,53,0.91727462,1.08262203
1270,19,54,0.95650316,1.5779995
1271,19,55,0.84161951,1.51587768
1272,19,56,0.65262199,1.43207305
1273,19,57,0.63060301,1.06310743
1274,19,58,0.83533076,1.44176053
1275,19,59,0.91162854,1.12517209
1276,19,60,0.74012453,1.42039053
1277,19,61,0.70346457,1.7436436
1278,19,62,0.61852364,1.23323763
1279,19,63,0.61577965,1.14873517
1280,20,0,0.90745056,1.513849
1281,20,1,0.67032605,1.52688218
1282,20,2,0.86640904,1.32141136
1283,20,3,1.02756362,1.6080119
1284,20,4,0.82381867,1.29224049
1285,20,5,0.7870454,1.35251932
1286,20,6,1.04022695,1.48446039
1287,20,7,1.04849719,1.65557487
1288,20,8,0.72192387,1.42120579
1289,20,9,0.86537537,1.57958141
1290,20,10,0.67477455,1.07508392
1291,20,11,0.63706659,1.58884741
1292,20,12,0.84868381,1.24408518
1293,20,13,0.51482025,1.1301194
1294,20,14,0.56370331,1.42755525
1295,20,15,0.64066874,1.0547211
1296,20,16,0.77680827,1.2695621
1297,20,17,0.73482483,1.51507258
1298,20,18,0.79320371,1.56495238
1299,20,19,0.64147183,1.37255016
1300,20,20,0.93284892,1.18287411
1301,20,21,0.83700386,1.4025102
1302,20,22,0.82756004,1.40989779
1303,20,23,0.717653,1.34980761
1304,20,24,0.66393191,1.29089561
1305,20,25,0.91337156,1.48828081
1306,20,26,0.63294054,1.39459733
1307,20,27,0.83223622,1.53292053
1308,20,28,0.47993973,1.21393606
1309,20,29,0.74795203,1.20174217
1310,20,30,0.71305022,1.2677987
1311,20,31,1.19068013,1.24928695
1312,20,32,0.73311131,1.37532364
1313,20,33,0.6078279,1.34599815
1314,20,34,0.91138408,1.28307707
1315,20,35,0.49882457,1.35760145
1316,20,36,0.85409225,1.06632175
1317,20,37,0.55007826,1.2293496
1318,20,38,0.59342565,1.35719296
1319,20,39,0.79924052,1.2590103
1320,20,40,0.84185596,1.30306244
1321,20,41,0.78163683,1.34385398
1322,20,42,0.74091117,1.50201104
1323,20,43,0.68794249,1.34636925
1324,20,44,0.53012766,1.36228538
1325,20,45,0.65948257,1.37016105
1326,20,46,0.77326589,1.00317572
1327,20,47,0.83471261,1.25563198
1328,20,48,0.78496685,1.32385344
1329,20,49,0.44634463,1.6087696
1330,20,50,0.78452327,1.3286326
1331,20,51,0.76224036,1.34361088
1332,20,52,0.63782222,1.26362999
1333,20,53,0.86163665,1.09979662
1334,20,54,0.97290049,1.37152672
1335,20,55,0.88332199,1.47985116
1336,20,56,0.66122447,1.6770701
1337,20,57,0.75400249,1.12624013
1338,20,58,0.81445272,1.41129206
1339,20,59,0.91228413,1.06605047
1340,20,60,0.77375543,1.38703796
1341,20,61,0.73521022,1.62069634
1342,20,62,0.7455582,1.16869275
1343,20,63,0.73957391,1.3231601
1344,21,0,0.90135135,1.48070335
1345,21,1,0.79904303,1.37854802
1346,21,2,0.8631215,1.38613694
1347,21,3,1.01282159,1.36744057
1348,21,4,0.74896353,1.51989967
1349,21,5,0.85290968,1.22759754
1350,21,6,1.10127675,1.3542146
1351,21,7,0.76708437,1.48607403
1352,21,8,0.84288883,1.30203247
1353,21,9,0.85019218,1.54003531
1354,21,10,0.87109716,1.06644077
1355,21,11,0.89592184,1.43988758
1356,21,12,0.84822319,1.22105148
1357,21,13,0.6194416,1.19105235
1358,21,14,0.54688326,1.25530573
1359,21,15,0.65682641,0.96420949
1360,21,16,0.5877242,1.25324522
1361,21,17,0.79155448,1.44955942
1362,21,18,0.56368625,1.56865324
1363,21,19,0.67387006,1.21052958
1364,21,20,0.95069269,1.18960981
1365,21,21,0.84879046,1.26959087
1366,21,22,0.75591097,1.50534627
1367,21,23,0.48638329,1.43314725
1368,21,24,0.73931006,1.22523711
1369,21,25,0.73783041,1.33538146
1370,21,26,0.65841524,1.44220589
1371,21,27,0.79364897,1.51129351
1372,21,28,0.53122092,1.17724844
1373,21,29,0.74204011,1.20740183
1374,21,30,0.62310239,1.21708723
1375,21,31,1.08949603,1.09481226
1376,21,32,0.60719581,1.20408785
1377,21,33,0.58107303,1.40509904
1378,21,34,0.69186024,1.29011442
1379,21,35,0.56305251,1.40520477
1380,21,36,0.78880668,1.14765933
1381,21,37,0.50562894,1.0957837
1382,21,38,0.65050756,1.29515036
1383,21,39,0.85846956,1.52308325
1384,21,40,0.73231984,1.4431087
1385,21,41,0.79098833,1.41291976
1386,21,42,0.76729067,1.5783148
1387,21,43,0.6975267,1.38187319
1388,21,44,0.44512669,1.42800471
1389,21,45,0.6470067,1.22775339
1390,21,46,0.68318204,1.14208208
1391,21,47,0.90402041,1.35402503
1392,21,48,0.78134513,1.3989941
1393,21,49,0.57866348,1.84670084
1394,21,50,0.82284637,1.35396406
1395,21,51,0.73836195,1.47822766
1396,21,52,0.629234,1.38371948
1397,21,53,0.86445455,1.14888906
1398,21,54,0.95026901,1.52092847
1399,21,55,0.91867258,1.45929283
1400,21,56,0.7886457,1.52681659
1401,21,57,0.8114294,1.15647454
1402,21,58,0.76682914,1.61616901
1403,21,59,1.0046944,1.23686182
1404,21,60,0.6680843,1.39899049
1405,21,61,0.62927131,1.62649648
1406,21,62,0.70205428,1.14342574
1407,21,63,0.66008628,1.22914091
1408,22,0,0.9057649,1.34564474
1409,22,1,0.79141033,1.2797263
1410,22,2,0.88753481,1.1743418
1411,22,3,1.13026726,1.5283037
1412,22,4,0.80754389,1.49150708
1413,22,5,0.69429935,1.35860227
1414,22,6,1.11679047,1.35086609
1415,22,7,1.01129804,1.45778318
1416,22,8,0.66895093,1.26152009
1417,22,9,0.84439901,1.46575311
1418,22,10,0.83366721,0.90191106
1419,22,11,0.76367415,1.39323844
1420,22,12,0.6959793,1.35024282
1421,22,13,0.36536078,1.26523935
1422,22,14,0.43713034,1.48832737
1423,22,15,0.79389911,1.02590614
1424,22,16,0.75450509,1.21492511
1425,22,17,0.89594867,1.38513289
1426,22,18,0.69025121,1.63905356
1427,22,19,0.65208703,1.26093853
1428,22,20,0.89278954,1.11750343
1429,22,21,0.76165006,1.24778741
1430,22,22,0.72504615,1.64582563
1431,22,23,0.71293252,1.41306331
1432,22,24,0.72943876,1.21914043
1433,22,25,0.74581813,1.39876973
1434,22,26,0.65330439,1.23080196
1435,22,27,0.88842204,1.4484572
1436,22,28,0.56261281,1.14144241
1437,22,29,0.72849071,1.41744686
1438,22,30,0.75960148,1.14992643
1439,22,31,1.12205785,0.97226961
1440,22,32,0.88992392,1.32230924
1441,22,33,0.63918568,1.4608032
1442,22,34,0.82574187,1.20457874
1443,22,35,0.57551873,1.36346341
1444,22,36,0.71511507,0.87670311
1445,22,37,0.47528999,1.29662364
1446,22,38,0.70212625,1.22712109
1447,22,39,0.80194828,1.28755164
1448,22,40,0.76652387,1.26030665
1449,22,41,0.84627237,1.4121263
1450,22,42,0.74720144,1.60126434
1451,22,43,0.56110148,1.28910797
1452,22,44,0.61983562,1.27563021
1453,22,45,0.70207533,1.34016409
1454,22,46,0.70883347,1.04140259
1455,22,47,0.88688295,1.29507519
1456,22,48,0.90569326,1.33717354
1457,22,49,0.49395469,1.7030048
1458,22,50,0.9111146,1.12273173
1459,22,51,0.8402968,1.3339129
1460,22,52,0.73783411,1.40615416
1461,22,53,0.78735077,1.08352419
1462,22,54,0.93689925,1.42430431
1463,22,55,1.08382016,1.35982936
1464,22,56,0.63500685,1.45058709
1465,22,57,0.6627794,1.1475186
1466,22,58,0.88041899,1.49937149
1467,22,59,0.94419404,1.06295695
1468,22,60,0.61229946,1.42933719
1469,22,61,0.91787902,1.64562165
1470,22,62,0.6574041,1.22241855
1471,22,63,0.52435579,1.36683769
1472,23,0,0.91428444,1.55416174
1473,23,1,0.74420873,1.65061527
1474,23,2,0.98275673,1.335176
1475,23,3,1.07076744,1.43238196
1476,23,4,0.88451054,1.3672085
1477,23,5,0.63110489,1.11559143
1478,23,6,1.04560527,1.38074357
1479,23,7,0.93417914,1.62995746
1480,23,8,0.5970817,1.30784744
1481,23,9,0.75953668,1.59720784
1482,23,10,0.74652166,0.94234134
1483,23,11,0.68462091,1.52737688
1484,23,12,0.94322332,1.36147492
1485,23,13,0.52623759,1.30327179
1486,23,14,0.50830193,1.38394288
1487,23,15,0.87120635,1.08924782
1488,23,16,0.61329814,1.29769691
1489,23,17,0.76727679,1.40109242
1490,23,18,0.72343567,1.37383311
1491,23,19,0.51880275,1.20134267
1492,23,20,1.01936955,1.08370212
1493,23,21,0.82084286,1.24658864
1494,23,22,0.81817871,1.37858131
1495,23,23,0.69377535,1.48347955
1496,23,24,0.70324868,1.17329693
1497,23,25,0.87952601,1.35008208
1498,23,26,0.6397902,1.3754682
1499,23,27,0.72719723,1.55249525
1500,23,28,0.73930965,1.16350689
1501,23,29,0.77269822,1.24957934
1502,23,30,0.59483891,1.36251315
1503,23,31,1.10473879,1.11764724
1504,23,32,0.89769041,1.26445936
1505,23,33,0.70281212,1.31948131
1506,23,34,1.01471441,1.13232314
1507,23,35,0.63253692,1.21832059
1508,23,36,0.88950159,1.12703223
1509,23,37,0.47303042,1.1816636
1510,23,38,0.61550987,1.17859575
1511,23,39,0.92047889,1.15185614
1512,23,40,0.70180194,1.24755569
1513,23,41,0.76621275,1.23183987
1514,23,42,0.70724964,1.59341487
1515,23,43,0.88471672,1.35297574
1516,23,44,0.55329244,1.3768392
1517,23,45,0.67888715,1.23499939
1518,23,46,0.66214618,0.87377232
1519,23,47,0.95096545,1.31040151
1520,23,48,0.86740386,1.27749149
1521,23,49,0.4834753,1.71988032
1522,23,50,0.76683305,1.3349624
1523,23,51,0.68565131,1.28677159
1524,23,52,0.60470989,1.25641537
1525,23,53,0.99336745,1.16768285
1526,23,54,1.05651471,1.51492914
1527,23,55,0.87498944,1.38806113
1528,23,56,0.63529245,1.52683509
1529,23,57,0.68146606,1.23682201
1530,23,58,0.94471683,1.65852307
1531,23,59,0.93714785,1.14844242
1532,23,60,0.93424702,1.34035154
1533,23,61,0.67293894,1.47990185
1534,23,62,0.71465773,1.00250185
1535,23,63,0.61437449,1.25177471
1536,24,0,0.93240048,1.44369496
1537,24,1,0.84012286,1.59352576
1538,24,2,0.86404728,1.22281936
1539,24,3,1.00972104,1.50472577
1540,24,4,0.87998819,1.37812392
1541,24,5,0.90263826,1.09676926
1542,24,6,1.21333916,1.46384892
1543,24,7,1.01704428,1.66102989
1544,24,8,0.6401283,1.24045074
1545,24,9,0.86563904,1.58019539
1546,24,10,0.6895554,0.95541834
1547,24,11,0.88286274,1.4666821
1548,24,12,0.90207374,1.22180769
1549,24,13,0.4883392,1.3428989
1550,24,14,0.64668956,1.29842305
1551,24,15,0.72530342,0.82758053
1552,24,16,0.60548645,1.40774324
1553,24,17,0.78777997,1.35650576
1554,24,18,0.78747122,1.40907079
1555,24,19,0.6460106,1.2850732
1556,24,20,1.06392657,1.3959787
1557,24,21,0.67572493,1.29721522
1558,24,22,0.8393844,1.48684442
1559,24,23,0.66467166,1.27844066
1560,24,24,0.77974162,1.05968435
1561,24,25,0.9079775,1.38862329
1562,24,26,0.72152309,1.38699159
1563,24,27,0.9288436,1.4449244
1564,24,28,0.68249804,1.12549487
1565,24,29,0.89426402,1.353538
1566,24,30,0.73377449,1.23264449
1567,24,31,1.04855189,1.1620738
1568,24,32,0.89428808,1.48749593
1569,24,33,0.61415683,1.29669815
1570,24,34,0.98497672,1.34026667
1571,24,35,0.64269935,1.18275554
1572,24,36,0.94492145,1.13316571
1573,24,37,0.47582687,1.33311912
1574,24,38,0.7374673,1.24711704
1575,24,39,0.87897633,1.21176352
1576,24,40,0.88491305,1.26599015
1577,24,41,0.69659387,1.41850457
1578,24,42,0.70081261,1.69098196
1579,24,43,0.77150415,1.29703381
1580,24,44,0.5710823,1.30336994
1581,24,45,0.84858519,1.07758891
1582,24,46,0.87614073,1.02700669
1583,24,47,0.90508591,1.19777842
1584,24,48,1.0287335,1.22117447
1585,24,49,0.48635525,1.74825197
1586,24,50,0.91877614,1.1838923
1587,24,51,0.80264697,1.25095238
1588,24,52,0.82960672,1.36748341
1589,24,53,0.97739125,1.14141167
1590,24,54,1.13862429,1.45917882
1591,24,55,0.8882214,1.43652836
1592,24,56,0.88408045,1.32525453
1593,24,57,0.76778044,1.18468806
1594,24,58,0.88845644,1.41961535
1595,24,59,1.07915971,1.26310609
1596,24,60,0.78689369,1.30348359
1597,24,61,0.69131362,1.63698692
1598,24,62,0.76543925,1.17721346
1599,24,63,0.66345601,1.1556941
1600,25,0,0.85095863,1.46237354
1601,25,1,0.91618668,1.35349219
1602,25,2,1.088165,1.30883874
1603,25,3,1.20424665,1.31687428
1604,25,4,0.71943566,1.31604242
1605,25,5,0.86892681,1.32065547
1606,25,6,1.15719283,1.3085094
1607,25,7,0.89683027,1.6028201
1608,25,8,0.716227,1.39861814
1609,25,9,0.92245783,1.63565768
1610,25,10,0.84862645,0.86979316
1611,25,11,0.75241342,1.36972731
1612,25,12,0.93438427,1.29294414
1613,25,13,0.52932765,1.21561295
1614,25,14,0.61137308,1.11717995
1615,25,15,0.81613492,0.89720153
1616,25,16,0.61963334,1.10577623
1617,25,17,0.7674503,1.21884565
1618,25,18,0.67089931,1.6516594
1619,25,19,0.60990867,1.21019404
1620,25,20,1.11571042,1.16292574
1621,25,21,0.82376267,1.10282751
1622,25,22,0.99002803,1.55560061
1623,25,23,0.51549967,1.24110494
1624,25,24,0.75978236,1.11708751
1625,25,25,0.92094023,1.2924429
1626,25,26,0.86438005,1.38352008
1627,25,27,0.93718522,1.50117021
1628,25,28,0.86220083,1.1232908
1629,25,29,0.75477315,1.23081669
1630,25,30,0.8424995,1.22602317
1631,25,31,1.01550661,0.98996137
1632,25,32,0.85588218,1.31207936
1633,25,33,0.86297133,1.20199382
1634,25,34,1.02765347,1.39361063
1635,25,35,0.86241403,1.2061747
1636,25,36,0.93446849,1.10698978
1637,25,37,0.58551262,1.20271015
1638,25,38,0.69947472,1.0197277
1639,25,39,0.94791934,1.16346721
1640,25,40,0.95679659,1.41327068
1641,25,41,0.83553512,1.30207611
1642,25,42,1.00580162,1.49007755
1643,25,43,0.77464982,1.2881392
1644,25,44,0.70930506,1.32897132
1645,25,45,0.65243794,1.21997419
1646,25,46,0.74614043,0.9797212
1647,25,47,1.05646042,1.30319394
1648,25,48,0.7732864,1.36786438
1649,25,49,0.61957408,1.75396345
1650,25,50,0.94797306,1.33296626
1651,25,51,0.84338588,1.42664473
1652,25,52,0.80406635,1.26067458
1653,25,53,1.13737082,1.16953583
1654,25,54,1.06437408,1.34303363
1655,25,55,0.90045201,1.40992176
1656,25,56,0.74958366,1.34323955
1657,25,57,0.82872136,1.2643966
1658,25,58,0.96914631,1.39285303
1659,25,59,1.00123566,0.99903959
1660,25,60,0.76093247,1.32865388
1661,25,61,0.7977641,1.50187208
1662,25,62,0.68766198,1.08028551
1663,25,63,0.45003771,1.35300767
1664,26,0,1.04746148,1.35130571
1665,26,1,0.86661866,1.36923455
1666,26,2,1.1186639,1.40051247
1667,26,3,1.12684276,1.49194328
1668,26,4,0.86475272,1.20683826
1669,26,5,0.81778637,1.17331717
1670,26,6,1.08637089,1.29624797
1671,26,7,0.99365603,1.4837661
1672,26,8,0.81961231,1.16930858
1673,26,9,0.9098755,1.3914607
1674,26,10,0.89456538,0.69811737
1675,26,11,0.90828055,1.49372422
1676,26,12,0.89797268,1.06433699
1677,26,13,0.5699559,1.20954506
1678,26,14,0.54626725,1.23207754
1679,26,15,0.92392527,1.01458973
1680,26,16,0.65996299,1.09877218
1681,26,17,0.9068285,1.29602124
1682,26,18,0.78934511,1.43838966
1683,26,19,0.7149272,1.33660268
1684,26,20,1.17094018,1.13440977
1685,26,21,0.8373343,1.15573349
1686,26,22,0.99043329,1.34665613
1687,26,23,0.67575837,1.31293939
1688,26,24,0.76405264,1.07026962
1689,26,25,0.92832913,1.33164069
1690,26,26,0.75322299,1.2314045
1691,26,27,1.03987319,1.33468574
1692,26,28,0.9327202,1.01441201
1693,26,29,0.87688033,1.24841603
1694,26,30,0.73195223,1.23466618
1695,26,31,1.26605601,0.86265814
1696,26,32,0.92404779,1.10448727
1697,26,33,0.64994296,1.42902249
1698,26,34,0.96269196,1.16638751
1699,26,35,0.68689122,1.38977533
1700,26,36,0.77064775,0.96312049
1701,26,37,0.7116968,1.34505028
1702,26,38,0.67835038,1.1089995
1703,26,39,1.08304945,1.26674469
1704,26,40,1.05093853,1.17034585
1705,26,41,0.90763568,1.30730971
1706,26,42,0.89497365,1.65853889
1707,26,43,0.91104059,1.19952748
1708,26,44,0.7741942,1.32321402
1709,26,45,0.83284142,1.36568727
1710,26,46,0.72783055,0.96884916
1711,26,47,1.00190476,1.13012506
1712,26,48,0.96513233,1.46948995
1713,26,49,0.47419054,1.62643476
1714,26,50,0.98570882,1.240523
1715,26,51,0.8190402,1.20082569
1716,26,52,0.80293743,1.19378301
1717,26,53,0.80241049,1.17979656
1718,26,54,1.11717358,1.43508719
1719,26,55,1.04387078,1.45826629
1720,26,56,0.77791733,1.45050709
1721,26,57,0.81567235,1.22808147
1722,26,58,0.96120516,1.48547419
1723,26,59,0.93057967,1.0722097
1724,26,60,0.74742026,1.29649684
1725,26,61,0.79277389,1.50280044
1726,26,62,0.88988425,1.21745757
1727,26,63,0.86005119,1.07675463
1728,27,0,0.98939671,1.26362157
1729,27,1,0.83279405,1.37520915
1730,27,2,1.10550929,1.20272341
1731,27,3,1.22311411,1.44408291
1732,27,4,1.05835738,1.18111317
1733,27,5,0.9748074,1.24017061
1734,27,6,1.0682009,1.38000331
1735,27,7,1.0511961,1.45773069
1736,27,8,0.77285329,1.18232064
1737,27,9,1.15455826,1.47997448
1738,27,10,0.90224704,0.78898959
1739,27,11,0.77694159,1.45506746
1740,27,12,0.83751753,1.22506326
1741,27,13,0.62491945,1.20928201
1742,27,14,0.63612415,1.290653
1743,27,15,0.88027462,1.00585897
1744,27,16,0.67840032,1.18954011
1745,27,17,1.05190742,1.37036196
1746,27,18,0.66315692,1.4950258
1747,27,19,0.53908571,1.17123756
1748,27,20,1.28085797,1.04811785
1749,27,21,0.808577,1.23108213
1750,27,22,0.7958944,1.33191322
1751,27,23,0.74319235,1.2437931
1752,27,24,0.80865428,1.22529413
1753,27,25,0.95955136,1.34355889
1754,27,26,0.70941047,1.28938983
1755,27,27,0.95564538,1.4271445
1756,27,28,0.77933892,1.12530982
1757,27,29,0.7862386,1.19327337
1758,27,30,0.75405323,1.09728336
1759,27,31,1.20772391,1.04271524
1760,27,32,0.9697946,1.2551513
1761,27,33,0.78317688,1.3284454
1762,27,34,1.06815293,1.17993803
1763,27,35,0.73801182,1.23916646
1764,27,36,0.94109311,0.86599948
1765,27,37,0.62807794,1.35912899
1766,27,38,0.68115824,1.13556996
1767,27,39,0.96858636,1.14987197
1768,27,40,1.11537809,1.12040099
1769,27,41,0.99340495,1.3530647
1770,27,42,0.88047032,1.55524617
1771,27,43,0.94638033,1.34119521
1772,27,44,0.59596945,1.34946852
1773,27,45,0.79603757,1.23988634
1774,27,46,0.84594923,0.94538818
1775,27,47,1.16309422,1.23454879
1776,27,48,0.87116834,1.22277545
1777,27,49,0.65902884,1.7130468
1778,27,50,1.00604946,1.14832634
1779,27,51,1.05024214,1.31163743
1780,27,52,0.90968225,1.22787938
1781,27,53,1.04360947,1.13707908
1782,27,54,1.16129479,1.50123619
1783,27,55,1.11865707,1.33280632
1784,27,56,0.73756698,1.3904867
1785,27,57,0.93745768,1.09099753
1786,27,58,1.04409256,1.57185179
1787,27,59,0.98221538,0.96799199
1788,27,60,0.82608315,1.35786088
1789,27,61,0.83937508,1.68196786
1790,27,62,0.77716439,1.09979862
1791,27,63,0.61488553,1.05501338
1792,28,0,1.0308469,1.18205623
1793,28,1,0.99413038,1.4215687
1794,28,2,1.29045975,1.40461678
1795,28,3,1.14779759,1.37280798
1796,28,4,0.97838255,1.42128422
1797,28,5,0.76769616,0.991107
1798,28,6,1.12097817,1.33161335
1799,28,7,1.08872413,1.5470722
1800,28,8,0.76746207,1.04011959
1801,28,9,1.08388417,1.39922585
1802,28,10,0.70286735,0.84942834
1803,28,11,0.92745362,1.34430581
1804,28,12,0.9335255,1.23109308
1805,28,13,0.61722038,1.07809013
1806,28,14,0.6179469,1.28625151
1807,28,15,0.87525019,0.94609445
1808,28,16,0.70232249,1.18331397
1809,28,17,0.80683093,1.29863002
1810,28,18,0.91196404,1.33453854
1811,28,19,0.67513926,1.17937301
1812,28,20,1.25393376,1.07365299
1813,28,21,0.84461256,0.99800759
1814,28,22,0.95226331,1.5314614
1815,28,23,0.74233548,1.27831535
1816,28,24,0.87796821,1.15043361
1817,28,25,0.88545627,1.37363751
1818,28,26,0.77927092,1.2467557
1819,28,27,0.91218445,1.48036239
1820,28,28,0.89693945,1.08124337
1821,28,29,0.97025096,1.14183001
1822,28,30,0.78104276,1.11119253
1823,28,31,1.07001528,1.04898115
1824,28,32,0.78534286,1.17692754
1825,28,33,0.60915535,1.26305772
1826,28,34,1.04521513,1.20541632
1827,28,35,0.66732627,1.10181823
1828,28,36,1.00233816,0.97443524
1829,28,37,0.66521718,1.09686831
1830,28,38,0.74911614,1.28364007
1831,28,39,1.01028148,1.07745031
1832,28,40,1.06520494,1.18733893
1833,28,41,0.96019469,1.26534375
1834,28,42,0.90336497,1.53068036
1835,28,43,0.80922478,1.17570137
1836,28,44,0.60099733,1.14139587
1837,28,45,0.72849979,1.23237512
1838,28,46,0.79334022,0.98405848
1839,28,47,1.09520447,1.06932758
1840,28,48,1.03779982,1.30468343
1841,28,49,0.589894,1.63388664
1842,28,50,0.91395177,1.20974449
1843,28,51,0.77493682,1.13256859
1844,28,52,0.80169536,1.21567992
1845,28,53,0.9937961,0.96076085
1846,28,54,1.05651704,1.423752
1847,28,55,1.06995961,1.35817504
1848,28,56,0.75436719,1.44317723
1849,28,57,0.79338331,1.13338171
1850,28,58,1.07809983,1.4796768
1851,28,59,1.06398886,0.97824358
1852,28,60,0.94486991,1.20497557
1853,28,61,0.82840025,1.52754873
1854,28,62,0.86692109,1.11258596
1855,28,63,0.67698438,1.12101573
1856,29,0,0.98524776,1.28130423
1857,29,1,1.017458,1.30990503
1858,29,2,1.18574223,1.27166534
1859,29,3,1.2756099,1.32970325
1860,29,4,0.91276822,1.15580174
1861,29,5,0.88279295,1.1589329
1862,29,6,1.30045345,1.18184527
1863,29,7,1.04576122,1.43481003
1864,29,8,0.77780219,1.25814251
1865,29,9,0.98335126,1.4352738
1866,29,10,0.85421788,0.76009963
1867,29,11,0.88946342,1.32224509
1868,29,12,0.96643219,1.17098861
1869,29,13,0.69845642,1.30364676
1870,29,14,0.71233979,1.30966205
1871,29,15,0.7643256,0.93069406
1872,29,16,0.72017235,1.0651037
1873,29,17,0.94787387,1.36512731
1874,29,18,0.89968414,1.45733296
1875,29,19,0.62542488,1.12276549
1876,29,20,1.2038698,1.10897734
1877,29,21,0.77851655,1.06971949
1878,29,22,0.96488949,1.39642207
1879,29,23,0.57048403,1.25255123
1880,29,24,0.88967298,1.20471341
1881,29,25,1.03195348,1.3398043
1882,29,26,0.72324221,1.07812994
1883,29,27,0.98479697,1.44163577
1884,29,28,0.98126704,1.16774444
1885,29,29,0.95047969,1.19743033
1886,29,30,0.82514099,1.14698743
1887,29,31,1.37125377,0.9212766
1888,29,32,1.0870442,1.23486427
1889,29,33,0.90726441,1.14282157
1890,29,34,1.13014056,1.15803389
1891,29,35,0.66353856,1.19850313
1892,29,36,1.07197377,0.93630755
1893,29,37,0.54601469,1.1457641
1894,29,38,0.75366375,1.20866687
1895,29,39,1.06538324,1.09111367
1896,29,40,1.21909674,1.2099544
1897,29,41,0.95787761,1.14789072
1898,29,42,0.92152648,1.47222541
1899,29,43,0.99154531,1.27939384
1900,29,44,0.64375866,1.26862139
1901,29,45,0.90563235,1.3272841
1902,29,46,0.96179099,0.98926053
1903,29,47,1.1232617,1.24329636
1904,29,48,1.11138962,1.11862082
1905,29,49,0.66747531,1.5238893
1906,29,50,1.03883133,1.28577211
1907,29,51,0.8543662,1.07021623
1908,29,52,0.82537052,1.28407961
1909,29,53,1.09464832,1.07516167
1910,29,54,1.09213695,1.28530944
1911,29,55,1.14080205,1.26225589
1912,29,56,1.00873159,1.38050385
1913,29,57,0.86705276,1.03088954
1914,29,58,1.00214046,1.40746747
1915,29,59,1.19556496,1.02084411
1916,29,60,0.82947981,1.4554723
1917,29,61,0.9359823,1.606284
1918,29,62,0.74527812,1.09667728
1919,29,63,0.80534429,0.98009188
1920,30,0,1.22302481,1.42661582
1921,30,1,0.93478041,1.31673982
1922,30,2,1.11225389,1.19761969
1923,30,3,1.24420367,1.36734152
1924,30,4,0.99267195,1.37151525
1925,30,5,0.99762339,1.02074499
1926,30,6,1.33318263,1.3869439
1927,30,7,1.35457543,1.34231135
1928,30,8,0.93630508,1.02954359
1929,30,9,1.11293162,1.39232592
1930,30,10,1.07165869,0.74655443
1931,30,11,0.78230157,1.28706967
1932,30,12,0.865551,1.27463041
1933,30,13,0.535097,1.1589109
1934,30,14,0.56233306,1.18962568
1935,30,15,1.0344228,0.93220189
1936,30,16,0.76629152,1.16603833
1937,30,17,1.03587413,1.29286271
1938,30,18,0.7417434,1.47057488
1939,30,19,0.55909879,1.0733541
1940,30,20,1.16808109,1.1308775
1941,30,21,0.9552397,1.01377679
1942,30,22,0.91862546,1.35469011
1943,30,23,0.76725806,1.20446813
1944,30,24,0.86717157,1.1777148
1945,30,25,0.96251866,1.27142821
1946,30,26,0.98824157,1.10215241
1947,30,27,0.89550296,1.40946931
1948,30,28,0.84290843,1.07071843
1949,30,29,0.88104911,1.13155206
1950,30,30,1.02492274,1.20683945
1951,30,31,1.33411529,0.86865999
1952,30,32,0.8931788,1.01877714
1953,30,33,0.76388857,1.31717994
1954,30,34,1.15203314,1.18453135
1955,30,35,0.80238511,1.11118648
1956,30,36,1.03500593,1.05045004
1957,30,37,0.56407422,1.16236041
1958,30,38,0.86266256,1.11687019
1959,30,39,1.07288091,1.30631616
1960,30,40,1.08971824,1.2087571
1961,30,41,0.95395635,1.27659311
1962,30,42,1.00677017,1.50000066
1963,30,43,0.8605545,1.24418101
1964,30,44,0.88249306,1.27600881
1965,30,45,0.95627802,1.17135755
1966,30,46,0.97819188,0.93601114
1967,30,47,1.06979115,1.22298999
1968,30,48,0.95950269,1.1598895
1969,30,49,0.73798592,1.59475125
1970,30,50,0.94076968,1.25695011
1971,30,51,0.97529384,1.19033922
1972,30,52,0.76275059,1.18468626
1973,30,53,1.04337162,1.03523492
1974,30,54,1.11289627,1.21231227
1975,30,55,1.09591994,1.28982582
1976,30,56,0.91210593,1.26428421
1977,30,57,1.0752078,0.91214603
1978,30,58,1.14187859,1.39395902
1979,30,59,1.20239424,0.99759185
1980,30,60,1.00658399,1.258525
1981,30,61,0.8715572,1.64369408
1982,30,62,0.81226698,1.07062962
1983,30,63,0.90664484,1.03398431
1984,31,0,1.13825663,1.26129372
1985,31,1,0.98479705,1.39582475
1986,31,2,0.99324577,1.11349794
1987,31,3,1.35265055,1.40803166
1988,31,4,0.97597607,1.26030171
1989,31,5,0.95745029,1.19836513
1990,31,6,1.23696396,1.25936313
1991,31,7,1.22290786,1.35512219
1992,31,8,1.07039222,1.05879561
1993,31,9,1.22786562,1.39148893
1994,31,10,0.92718169,0.64244385
1995,31,11,0.9098672,1.22670728
1996,31,12,1.00379287,1.18867861
1997,31,13,0.80574153,1.15836359
1998,31,14,0.7819867,1.11272899
1999,31,15,0.86130678,1.03236909
2000,31,16,0.80536949,1.2861523
2001,31,17,1.04380244,1.24035635
2002,31,18,0.96553584,1.51004193
2003,31,19,0.79539968,1.07780645
2004,31,20,1.23148392,1.09236899
2005,31,21,1.05354809,1.11168126
2006,31,22,1.07575037,1.45498552
2007,31,23,0.83290278,1.26085132
2008,31,24,0.81293996,0.89668399
2009,31,25,1.06381869,1.2560106
2010,31,26,0.80227859,1.22065048
2011,31,27,1.06763264,1.4221256
2012,31,28,0.9329033,1.0215446
2013,31,29,1.05156948,1.12008662
2014,31,30,0.96797718,1.08959735
2015,31,31,1.24196582,0.97381264
2016,31,32,1.01511195,1.26941063
2017,31,33,0.83596194,1.07885593
2018,31,34,1.10487007,1.25087892
2019,31,35,0.80919361,1.13170768
2020,31,36,1.1263499,0.91734296
2021,31,37,0.59873546,1.11065914
2022,31,38,0.77814842,1.05789954
2023,31,39,1.03160915,1.10558529
2024,31,40,1.12613714,1.18697206
2025,31,41,1.1868881,1.21978375
2026,31,42,1.02103089,1.42879724
2027,31,43,0.90323591,1.16600049
2028,31,44,0.75603125,1.25399705
2029,31,45,1.09605967,1.11815606
2030,31,46,0.9136844,0.8937409
2031,31,47,1.20634248,1.20371341
2032,31,48,1.17038065,1.00152959
2033,31,49,0.56069983,1.51642249
2034,31,50,1.15250685,1.03250044
2035,31,51,0.71773731,1.27753288
2036,31,52,0.93406452,1.09418299
2037,31,53,1.02901851,0.93372522
2038,31,54,1.17960299,1.30792463
2039,31,55,1.19532737,1.07102625
2040,31,56,0.82167946,1.2151769
2041,31,57,0.94922113,1.00715449
2042,31,58,1.12962726,1.24827863
2043,31,59,1.16608133,1.02099568
2044,31,60,1.0927659,1.23609371
2045,31,61,1.01421808,1.37086575
2046,31,62,0.6588035,1.10560793
2047,31,63,0.83623442,1.19594278
2048,32,0,1.01098829,1.33503217
2049,32,1,1.17511918,1.40857358
2050,32,2,1.1656332,1.16144409
2051,32,3,1.14913736,1.43053689
2052,32,4,0.96236178,1.26616519
2053,32,5,0.88619011,0.98043639
2054,32,6,1.39804231,1.19798628
2055,32,7,1.27773065,1.39600816
2056,32,8,0.82858042,1.23755262
2057,32,9,1.08054602,1.46215278
2058,32,10,0.97885761,0.6551499
2059,32,11,0.98963752,1.47054435
2060,32,12,1.12208666,1.18001676
2061,32,13,0.84538883,1.1435635
2062,32,14,0.80437846,1.09799523
2063,32,15,0.98071811,0.95626126
2064,32,16,0.82754376,1.25257001
2065,32,17,1.08615402,1.15410645
2066,32,18,0.98996035,1.37030169
2067,32,19,0.89526903,1.0704799
2068,32,20,1.26141462,1.0897719
2069,32,21,1.03575872,0.93665502
2070,32,22,0.96678313,1.38322424
2071,32,23,0.82207024,1.17897529
2072,32,24,0.85601007,1.00571819
2073,32,25,0.9012479,1.24044878
2074,32,26,0.82582936,1.10879572
2075,32,27,1.09725823,1.34597552
2076,32,28,1.12371343,0.94530249
2077,32,29,1.09534982,1.20025993
2078,32,30,0.89376999,1.12900378
2079,32,31,1.28758447,0.96688897
2080,32,32,1.1650593,1.26442766
2081,32,33,0.92838543,1.17629467
2082,32,34,1.0510106,1.15565068
2083,32,35,0.9597555,1.01419962
2084,32,36,0.99327579,0.96935693
2085,32,37,0.6736305,1.04506245
2086,32,38,0.8132376,1.01090455
2087,32,39,0.99795284,1.10749377
2088,32,40,1.0525338,1.0195385
2089,32,41,1.02165664,1.29072519
2090,32,42,1.01325241,1.41732252
2091,32,43,1.00473655,1.0580912
2092,32,44,0.86415155,1.24086848
2093,32,45,0.90563209,1.2408682
2094,32,46,0.88705789,0.97397816
2095,32,47,1.21728123,1.14065983
2096,32,48,1.09630625,1.17201447
2097,32,49,0.87952001,1.45491311
2098,32,50,1.03396445,1.22561121
2099,32,51,0.94094826,1.28883587
2100,32,52,1.08076998,1.13421076
2101,32,53,1.19261383,0.90396403
2102,32,54,1.26138199,1.35893846
2103,32,55,1.22388848,1.23270531
2104,32,56,0.7875841,1.33047608
2105,32,57,0.83489929,1.00976497
2106,32,58,1.17133746,1.39733209
2107,32,59,1.34855258,1.0432922
2108,32,60,0.92216539,1.26177476
2109,32,61,1.0147149,1.37355533
2110,32,62,0.80517124,0.9781198
2111,32,63,0.70402476,1.09041594
2112,33,0,1.13262939,1.14438502
2113,33,1,1.0896454,1.41704348
2114,33,2,1.19336406,1.11961068
2115,33,3,1.35381787,1.36128522
2116,33,4,1.0675173,1.14461408
2117,33,5,1.06505554,1.15520815
2118,33,6,1.26719962,1.37838214
2119,33,7,1.15111275,1.3896357
2120,33,8,0.95382801,1.16882542
2121,33,9,1.02005429,1.34735086
2122,33,10,0.92116567,0.77420296
2123,33,11,1.08774434,1.33130353
2124,33,12,0.92460961,1.33276029
2125,33,13,0.81467838,1.04936662
2126,33,14,0.83188058,1.18419696
2127,33,15,0.94035699,0.87403565
2128,33,16,0.87752557,1.09103791
2129,33,17,1.07028279,1.09529084
2130,33,18,0.95351132,1.42484572
2131,33,19,0.90739315,1.14419114
2132,33,20,1.32384255,0.99244558
2133,33,21,1.11135468,0.9724727
2134,33,22,1.01612354,1.21651197
2135,33,23,0.95074027,1.2810734
2136,33,24,1.03537503,1.16262802
2137,33,25,1.02434378,1.26121538
2138,33,26,0.89538503,1.23864986
2139,33,27,1.12518478,1.27083897
2140,33,28,1.0312249,1.12112323
2141,33,29,0.98082634,1.10230228
2142,33,30,0.90311677,0.89767655
2143,33,31,1.37192652,0.98552284
2144,33,32,1.09698878,1.04479076
2145,33,33,0.89132342,1.01802813
2146,33,34,1.31100584,1.07022031
2147,33,35,0.99535376,1.19681916
2148,33,36,1.03733033,0.85340925
2149,33,37,0.81212712,1.02569493
2150,33,38,0.88701888,1.06630427
2151,33,39,0.96508453,0.85755862
2152,33,40,1.20695274,1.08722018
2153,33,41,1.05950607,1.27261439
2154,33,42,1.15457616,1.41746196
2155,33,43,1.00563457,1.22253577
2156,33,44,0.74771487,1.21282246
2157,33,45,1.01422226,1.19958919
2158,33,46,0.85401199,0.80761355
2159,33,47,1.16635529,1.16035153
2160,33,48,1.16805033,1.28510902
2161,33,49,0.77399476,1.48601817
2162,33,50,1.21863437,1.15120967
2163,33,51,1.1216978,1.224668
2164,33,52,0.88394039,1.04448062
2165,33,53,1.04567848,1.0340001
2166,33,54,1.32778569,1.47571005
2167,33,55,1.28518846,1.3621547
2168,33,56,0.90576408,1.18247918
2169,33,57,1.09967251,1.053344
2170,33,58,1.13633308,1.39774652
2171,33,59,1.25023463,1.04876535
2172,33,60,1.10977073,1.28790385
2173,33,61,1.1178634,1.526031
2174,33,62,0.87520419,1.06828238
2175,33,63,0.78705742,1.15570432
2176,34,0,1.09016189,1.2856657
2177,34,1,1.02286464,1.38862969
2178,34,2,1.20565587,1.00254057
2179,34,3,1.37332705,1.24521884
2180,34,4,1.14658533,1.19527402
2181,34,5,1.10772974,0.96754908
2182,34,6,1.30095195,1.15844081
2183,34,7,1.29486801,1.50581822
2184,34,8,0.97638171,1.22169651
2185,34,9,1.01902642,1.28008396
2186,34,10,0.96500167,0.6397601
2187,34,11,0.91467007,1.29724785
2188,34,12,1.13038553,1.18433206
2189,34,13,0.87946238,1.11732082
2190,34,14,0.90509998,1.1491241
2191,34,15,0.931914,0.92741236
2192,34,16,0.91216296,1.03312408
2193,34,17,1.14412027,1.12146458
2194,34,18,0.94161856,1.39013098
2195,34,19,0.92723839,0.99135563
2196,34,20,1.29204749,1.10559516
2197,34,21,1.11706217,1.23166421
2198,34,22,1.21575609,1.36977633
2199,34,23,0.78647489,1.25134406
2200,34,24,1.02531065,1.01737999
2201,34,25,1.14129622,1.2935296
2202,34,26,0.97863409,1.08520629
2203,34,27,1.22696802,1.23521231
2204,34,28,1.03845545,1.01134659
2205,34,29,1.04995324,1.15307268
2206,34,30,0.93774511,1.23772195
2207,34,31,1.24337145,0.87358191
2208,34,32,1.13880897,1.23208574
2209,34,33,0.94452191,1.1754896
2210,34,34,1.26744235,1.12320402
2211,34,35,1.03954456,1.17288242
2212,34,36,1.21237209,0.85132441
2213,34,37,0.81091501,1.05378849
2214,34,38,0.83154059,1.11832852
2215,34,39,1.09773413,1.07301328
2216,34,40,1.13637127,1.25425296
2217,34,41,1.06521523,1.21907438
2218,34,42,1.15721811,1.37819921
2219,34,43,1.13424854,1.06877455
2220,34,44,1.00560772,1.18068706
2221,34,45,0.95552706,1.10582113
2222,34,46,1.10683433,0.80635046
2223,34,47,1.20983632,1.11922255
2224,34,48,1.06860238,1.29560061
2225,34,49,0.80144901,1.57693822
2226,34,50,1.17658681,1.0333057
2227,34,51,1.05297788,1.24887489
2228,34,52,0.9946174,1.23116483
2229,34,53,1.28468928,1.03913405
2230,34,54,1.22909399,1.22595859
2231,34,55,1.20182161,1.26941179
2232,34,56,1.02899691,1.08585164
2233,34,57,1.06418569,1.01716158
2234,34,58,1.13870258,1.45464362
2235,34,59,1.29129078,1.03546026
2236,34,60,1.02206363,1.30394933
2237,34,61,1.21417307,1.57442638
2238,34,62,0.85789503,0.97204803
2239,34,63,0.90417243,1.09511827
2240,35,0,1.27529673,1.18006785
2241,35,1,1.13056876,1.16714221
2242,35,2,1.3583902,1.07350893
2243,35,3,1.37880492,1.25105835
2244,35,4,1.20244052,0.95254528
2245,35,5,1.10943195,1.02006693
2246,35,6,1.34647233,1.31760786
2247,35,7,1.19001018,1.41774957
2248,35,8,1.10396039,1.22084803
2249,35,9,1.1738902,1.30135943
2250,35,10,1.16405426,0.76636433
2251,35,11,0.95242687,1.20544137
2252,35,12,1.21308628,1.20537859
2253,35,13,0.80455083,0.84730881
2254,35,14,0.9290015,1.04143885
2255,35,15,0.90015109,0.60057898
2256,35,16,1.05907512,1.102639
2257,35,17,1.17496591,1.28998923
2258,35,18,1.06066369,1.4762885
2259,35,19,0.82261693,1.04479581
2260,35,20,1.23639157,0.98567576
2261,35,21,1.09212561,1.10016593
2262,35,22,1.15965566,1.31248328
2263,35,23,0.98844431,1.34700735
2264,35,24,1.03900018,0.97055454
2265,35,25,1.1822064,1.1381081
2266,35,26,1.09178915,1.11720458
2267,35,27,1.15698992,1.23289188
2268,35,28,1.11325891,1.00737267
2269,35,29,1.05079391,1.20937922
2270,35,30,0.98713174,1.06932945
2271,35,31,1.47590754,0.77526634
2272,35,32,1.18227758,1.08530982
2273,35,33,1.05304731,1.0874466
2274,35,34,1.32468458,1.21453405
2275,35,35,1.0316697,1.11021765
2276,35,36,1.15870679,0.86688121
2277,35,37,0.96961358,1.00624397
2278,35,38,0.86368813,1.12712273
2279,35,39,1.11171956,0.92895372
2280,35,40,1.14116297,1.06247475
2281,35,41,1.16496936,1.20535536
2282,35,42,1.20463858,1.45038011
2283,35,43,1.08544599,1.13563141
2284,35,44,0.96491562,1.26573856
2285,35,45,1.04800983,1.07660304
2286,35,46,0.99735623,0.72186829
2287,35,47,1.35775123,1.16756159
2288,35,48,1.24361315,1.12404217
2289,35,49,0.99398008,1.45605723
2290,35,50,1.27091546,1.09334681
2291,35,51,1.03945092,1.21793492
2292,35,52,1.07711391,1.14865145
2293,35,53,1.24413504,0.94696724
2294,35,54,1.49160101,1.39146434
2295,35,55,1.34339949,1.24703428
2296,35,56,1.10057127,1.28539476
2297,35,57,1.10159585,0.96460713
2298,35,58,1.18909745,1.08208548
2299,35,59,1.30906116,0.87594464
2300,35,60,1.20141879,1.21487648
2301,35,61,1.0229154,1.44987832
2302,35,62,0.89624139,1.01459254
2303,35,63,0.98972612,1.1169829
2304,36,0,1.1933006,1.23405275
2305,36,1,1.05212263,1.36900882
2306,36,2,1.320727,1.13831611
2307,36,3,1.41064802,1.293165
2308,36,4,1.27528814,1.14089109
2309,36,5,1.15803509,0.92579516
2310,36,6,1.34948507,1.17148763
2311,36,7,1.38549391,1.31965625
2312,36,8,1.09276954,1.0715285
2313,36,9,1.22066749,1.36774749
2314,36,10,0.99277076,0.81896663
2315,36,11,1.05897077,1.29049088
2316,36,12,1.11675847,1.1760175
2317,36,13,0.94882755,1.09533829
2318,36,14,0.84377206,1.1431812
2319,36,15,1.0030764,0.79109683
2320,36,16,1.1124924,1.1402386
2321,36,17,1.23041576,1.08503559
2322,36,18,1.09750743,1.33268784
2323,36,19,0.78459322,1.09432308
2324,36,20,1.39997271,1.08437529
2325,36,21,1.06057593,0.78005337
2326,36,22,1.21451996,1.27008864
2327,36,23,0.83309806,1.08048593
2328,36,24,1.32082403,1.00554035
2329,36,25,1.25717913,1.13439056
2330,36,26,0.84219075,1.1103942
2331,36,27,1.21717036,1.22275972
2332,36,28,1.08279695,1.02528673
2333,36,29,1.1263006,0.95918341
2334,36,30,1.13070281,0.89468727
2335,36,31,1.29587715,0.94906043
2336,36,32,1.22060106,1.14927964
2337,36,33,0.9117715,1.09197865
2338,36,34,1.28442602,0.98254873
2339,36,35,0.93981518,1.12645159
2340,36,36,1.32757799,0.86359284
2341,36,37,0.94863257,0.89323163
2342,36,38,1.03559221,0.99373018
2343,36,39,1.23618086,0.96929145
2344,36,40,1.39846713,1.01530552
2345,36,41,1.25797777,1.14770026
2346,36,42,1.15205234,1.3776728
2347,36,43,1.06924462,1.13451198
2348,36,44,0.95527386,1.16738501
2349,36,45,1.0808478,1.16212591
2350,36,46,1.18684889,0.73758768
2351,36,47,1.41013415,1.01056923
2352,36,48,1.28063524,1.16806686
2353,36,49,0.76470265,1.48637789
2354,36,50,1.19319693,1.01989786
2355,36,51,1.23236987,1.102391
2356,36,52,1.01601557,1.11030206
2357,36,53,1.32866264,0.92281964
2358,36,54,1.43002359,1.3233547
2359,36,55,1.14749913,1.17988583
2360,36,56,1.01123402,1.2664569
2361,36,57,0.9256968,1.17696589
2362,36,58,1.27423562,1.33178252
2363,36,59,1.42292121,1.08666789
2364,36,60,1.17984762,1.27338684
2365,36,61,1.16467038,1.42669951
2366,36,62,0.97805014,0.89478382
2367,36,63,0.9476719,0.91646409
2368,37,0,1.28822364,1.08046558
2369,37,1,1.21431991,1.29388967
2370,37,2,1.32869434,1.04078807
2371,37,3,1.69438954,1.35269932
2372,37,4,1.08509983,1.16623496
2373,37,5,1.1360252,0.91543377
2374,37,6,1.34946239,1.18214679
2375,37,7,1.28039102,1.40149168
2376,37,8,1.22886765,1.19789936
2377,37,9,1.2329793,1.36608591
2378,37,10,1.20086991,0.66246409
2379,37,11,1.08818501,1.34540714
2380,37,12,1.27428024,1.15729459
2381,37,13,0.86702811,0.95096625
2382,37,14,0.91549257,1.09720252
2383,37,15,1.0503055,0.79443719
2384,37,16,0.93278115,0.97080553
2385,37,17,1.32059623,1.19523024
2386,37,18,1.05223248,1.23362307
2387,37,19,0.92574839,0.98575812
2388,37,20,1.49119503,1.04634573
2389,37,21,1.14619725,0.92581716
2390,37,22,1.25134295,1.16478763
2391,37,23,0.96461379,1.24869487
2392,37,24,1.20429806,1.02653403
2393,37,25,1.1346711,1.18726195
2394,37,26,1.13214978,1.07787105
2395,37,27,1.38423006,1.34207648
2396,37,28,1.26278905,1.0124716
2397,37,29,1.2230235,1.15734577
2398,37,30,1.16532175,0.99444516
2399,37,31,1.46174453,0.89291727
2400,37,32,1.11451673,1.12631744
2401,37,33,1.14885336,0.95721809
2402,37,34,1.46592654,1.18391707
2403,37,35,0.99987851,1.10164331
2404,37,36,1.25136759,0.97945373
2405,37,37,1.00445036,0.91825766
2406,37,38,1.06753932,1.02550271
2407,37,39,1.25594202,0.91476477
2408,37,40,1.47040718,1.1523722
2409,37,41,1.18630978,1.04719889
2410,37,42,1.17158518,1.41104821
2411,37,43,1.19383714,1.21979741
2412,37,44,1.06120151,1.20955819
2413,37,45,1.13795803,0.97104933
2414,37,46,1.13503453,0.89035161
2415,37,47,1.37423273,1.12963026
2416,37,48,1.24582911,1.0200097
2417,37,49,0.94546268,1.48757022
2418,37,50,1.21594381,1.04564907
2419,37,51,1.08686683,1.22813181
2420,37,52,1.09469147,1.20437379
2421,37,53,1.4338375,0.91157473
2422,37,54,1.29376026,1.0979117
2423,37,55,1.24171528,1.09624328
2424,37,56,1.20418117,1.22128087
2425,37,57,1.20457274,0.77931831
2426,37,58,1.17363843,1.37474564
2427,37,59,1.38905993,0.87130603
2428,37,60,1.19309748,1.3122525
2429,37,61,1.17425399,1.42747804
2430,37,62,1.06924374,1.13614843
2431,37,63,0.87240674,1.06307329
2432,38,0,1.32439213,1.24421679
2433,38,1,1.18573974,1.27651498
2434,38,2,1.41313532,1.31522748
2435,38,3,1.55216656,1.15968087
2436,38,4,1.19004541,1.09496845
2437,38,5,1.08029719,0.953821
2438,38,6,1.55457744,1.02926695
2439,38,7,1.45806301,1.34672365
2440,38,8,1.12990937,1.0602999
2441,38,9,1.46831894,1.37037655
2442,38,10,1.19025923,0.66501975
2443,38,11,1.19533845,1.15934047
2444,38,12,1.12698357,1.25342747
2445,38,13,0.98450315,1.06399686
2446,38,14,0.9956989,1.03195095
2447,38,15,1.1598521,0.65090926
2448,38,16,1.28931144,0.94528444
2449,38,17,1.22364899,1.09534233
2450,38,18,1.22591164,1.29984101
2451,38,19,0.94833277,1.09960272
2452,38,20,1.53739656,0.99879694
2453,38,21,1.28246149,1.19328157
2454,38,22,1.44400601,1.15936927
2455,38,23,1.17526776,1.1569623
2456,38,24,1.21733945,0.86215048
2457,38,25,1.26207672,1.08896041
2458,38,26,1.15266486,1.17724425
2459,38,27,1.14946499,1.22053014
2460,38,28,1.25872231,0.9567539
2461,38,29,1.27364022,1.05594009
2462,38,30,1.19614602,0.99647476
2463,38,31,1.43958445,0.76774653
2464,38,32,1.31379281,1.12297088
2465,38,33,1.08933157,1.08224327
2466,38,34,1.35803582,1.16151614
2467,38,35,1.04912312,0.93452293
2468,38,36,1.34989087,0.84830043
2469,38,37,0.96763034,1.14250565
2470,38,38,1.05819644,1.0487237
2471,38,39,1.1942845,0.93908103
2472,38,40,1.41860126,0.92837342
2473,38,41,1.30084204,1.14566709
2474,38,42,1.24502495,1.44289678
2475,38,43,1.24065872,1.2214286
2476,38,44,0.95780373,1.1265027
2477,38,45,1.1578499,0.98028893
2478,38,46,1.26647698,0.97515436
2479,38,47,1.41627704,1.11342079
2480,38,48,1.31737341,1.02894394
2481,38,49,0.84895235,1.39002062
2482,38,50,1.19632512,1.1844702
2483,38,51,1.19209807,1.09455473
2484,38,52,1.2286632,0.98204933
2485,38,53,1.28947151,0.90714026
2486,38,54,1.49602064,1.28855441
2487,38,55,1.41862722,1.19603555
2488,38,56,1.16520543,1.2117832
2489,38,57,1.13028955,0.9442744
2490,38,58,1.22286361,1.29390193
2491,38,59,1.36694912,1.06986905
2492,38,60,1.1840015,1.05268558
2493,38,61,1.22048593,1.44711322
2494,38,62,1.22698806,0.88125954
2495,38,63,0.95304396,1.05739848
2496,39,0,1.26399308,1.14731798
2497,39,1,1.25858457,1.25819687
2498,39,2,1.45222029,0.99483928
2499,39,3,1.50648999,1.20971985
2500,39,4,1.27677868,1.12240312
2501,39,5,1.29969377,1.03107074
2502,39,6,1.5682265,1.15082772
2503,39,7,1.28847121,1.29505524
2504,39,8,1.2678733,1.11327293
2505,39,9,1.3259298,1.24230495
2506,39,10,1.18449314,0.71028289
2507,39,11,1.31278487,1.15102011
2508,39,12,1.40886518,1.08326698
2509,39,13,1.00299895,0.9985697
2510,39,14,1.10092509,1.10014188
2511,39,15,1.39765676,0.69401823
2512,39,16,1.18945732,0.98504467
2513,39,17,1.27752799,1.11302905
2514,39,18,1.17471844,1.51546953
2515,39,19,1.07335663,0.89217671
2516,39,20,1.54162202,0.7730863
2517,39,21,1.25871086,0.98635
2518,39,22,1.37363111,1.27553164
2519,39,23,1.04593605,1.09759508
2520,39,24,1.15698678,0.8906225
2521,39,25,1.34136382,1.03543481
2522,39,26,1.09411466,0.99527925
2523,39,27,1.40026321,1.3497427
2524,39,28,1.10571101,0.8067821
2525,39,29,1.24618884,1.01243804
2526,39,30,1.2271706,0.96580967
2527,39,31,1.56172444,0.87020513
2528,39,32,1.38114374,0.94834568
2529,39,33,1.11176206,1.11659453
2530,39,34,1.3498775,1.19959213
2531,39,35,1.06597451,1.02184005
2532,39,36,1.37574516,0.80072314
2533,39,37,0.85825749,0.96294238
2534,39,38,1.18306119,0.98197275
2535,39,39,1.26174829,1.01404373
2536,39,40,1.38424185,0.99532582
2537,39,41,1.33759558,1.18259918
2538,39,42,1.47312369,1.40943831
2539,39,43,1.34755549,1.04604091
2540,39,44,0.9960861,1.10395061
2541,39,45,1.20053081,0.96288363
2542,39,46,1.21681447,0.80446126
2543,39,47,1.48733366,1.09669749
2544,39,48,1.37475377,1.02880538
2545,39,49,0.99436578,1.33390174
2546,39,50,1.49132845,1.03255342
2547,39,51,1.22418327,1.03126027
2548,39,52,1.43324818,0.96925853
2549,39,53,1.35737746,0.91829678
2550,39,54,1.50260082,1.30838953
2551,39,55,1.58423455,1.21361411
2552,39,56,1.08956876,1.15843072
2553,39,57,1.27817859,1.0893815
2554,39,58,1.23779893,1.36695681
2555,39,59,1.46065877,0.91708032
2556,39,60,1.21989814,1.08096549
2557,39,61,1.33215483,1.44125436
2558,39,62,1.21174816,0.91068672
2559,39,63,1.0725171,0.85068392
2560,40,0,1.48245788,1.19911966
2561,40,1,1.24439864,1.20367973
2562,40,2,1.40221347,0.91388935
2563,40,3,1.50544078,1.10315313
2564,40,4,1.27427956,1.03847923
2565,40,5,1.17711995,1.10836888
2566,40,6,1.67948607,1.03521741
2567,40,7,1.47930981,1.30743232
2568,40,8,1.3672666,0.97246732
2569,40,9,1.51115344,1.23419375
2570,40,10,1.16601925,0.70829878
2571,40,11,1.3758021,1.37364772
2572,40,12,1.28271721,1.11230026
2573,40,13,1.02262476,1.06114722
2574,40,14,0.96602405,0.95607216
2575,40,15,1.19598778,0.75151141
2576,40,16,1.13918972,1.06310319
2577,40,17,1.47168956,1.14486271
2578,40,18,1.33570029,1.29827986
2579,40,19,1.0332036,1.07465921
2580,40,20,1.51383571,0.99488906
2581,40,21,1.43443318,1.00460111
2582,40,22,1.23283742,1.10718297
2583,40,23,1.23450822,1.07911248
2584,40,24,1.26710937,1.02457155
2585,40,25,1.41474511,1.14262372
2586,40,26,1.15305839,1.03287778
2587,40,27,1.4673875,1.23291194
2588,40,28,1.23172109,1.02459065
2589,40,29,1.2883241,0.92604733
2590,40,30,1.19142724,0.90621413
2591,40,31,1.59844982,0.92250032
2592,40,32,1.27596869,1.10282573
2593,40,33,1.1312091,1.06166319
2594,40,34,1.34497933,1.02645358
2595,40,35,1.14377791,1.05136459
2596,40,36,1.3915929,0.73515264
2597,40,37,1.13518623,0.99705707
2598,40,38,1.15904447,0.99118786
2599,40,39,1.33050948,0.94041222
2600,40,40,1.49121795,0.87938511
2601,40,41,1.32500527,1.0835415
2602,40,42,1.3455473,1.42172239
2603,40,43,1.23549607,1.02967935
2604,40,44,1.07961986,1.01783998
2605,40,45,1.20664934,1.09382691
2606,40,46,1.18899824,0.78973909
2607,40,47,1.36481705,0.9944455
2608,40,48,1.36758449,1.18635293
2609,40,49,1.05596068,1.23671646
2610,40,50,1.23110237,1.01719785
2611,40,51,1.33374022,1.11859819
2612,40,52,1.2542682,1.13110363
2613,40,53,1.39098504,0.93962076
2614,40,54,1.36648963,1.14235722
2615,40,55,1.3375296,1.13413196
2616,40,56,1.21281737,1.17111254
2617,40,57,1.3009697,0.83271724
2618,40,58,1.37687114,1.13395304
2619,40,59,1.59779098,0.80876188
2620,40,60,1.23141387,1.25847341
2621,40,61,1.21517232,1.281851
2622,40,62,1.08875302,0.88931946
2623,40,63,1.19750043,1.017559
2624,41,0,1.66675747,0.96786906
2625,41,1,1.41444993,1.18481034
2626,41,2,1.43673079,0.96556149
2627,41,3,1.54224363,1.3112367
2628,41,4,1.41875151,1.08204586
2629,41,5,1.45945144,0.8081745
2630,41,6,1.51691624,0.9059167
2631,41,7,1.44565277,1.26958615
2632,41,8,1.32429825,1.03251823
2633,41,9,1.35499019,1.32489371
2634,41,10,1.33614827,0.69162736
2635,41,11,1.16521029,1.17414943
2636,41,12,1.32776385,1.00721598
2637,41,13,1.14224788,0.98838117
2638,41,14,1.05962985,1.04021075
2639,41,15,1.17962477,0.81983084
2640,41,16,1.21814334,1.08247799
2641,41,17,1.39150529,1.03762559
2642,41,18,1.18915217,1.3177228
2643,41,19,1.11789068,0.99977188
2644,41,20,1.57574185,0.74659368
2645,41,21,1.30699915,0.85635257
2646,41,22,1.39933217,1.06802248
2647,41,23,1.24685651,1.06797138
2648,41,24,1.29062564,0.99895212
2649,41,25,1.48024167,1.101327
2650,41,26,1.15214566,0.89858884
2651,41,27,1.38796145,1.12186455
2652,41,28,1.30495952,0.89302507
2653,41,29,1.3977713,0.9277568
2654,41,30,1.29167144,1.06184755
2655,41,31,1.69167847,0.80161454
2656,41,32,1.33631059,1.01970431
2657,41,33,1.15978503,1.02182252
2658,41,34,1.57032573,1.00896074
2659,41,35,1.09538233,1.13221025
2660,41,36,1.44341748,0.7010837
2661,41,37,1.05719229,0.97171889
2662,41,38,1.32363019,0.88588861
2663,41,39,1.49410317,1.0175621
2664,41,40,1.44696837,0.97955083
2665,41,41,1.32929123,1.07027552
2666,41,42,1.36621628,1.36164467
2667,41,43,1.42853985,0.99228377
2668,41,44,1.00732642,1.06287776
2669,41,45,1.3019971,1.03473131
2670,41,46,1.29126105,0.74810927
2671,41,47,1.66629464,1.05250643
2672,41,48,1.40816399,0.99496349
2673,41,49,1.10844651,1.52637029
2674,41,50,1.42043926,0.99550709
2675,41,51,1.2901433,1.15909555
2676,41,52,1.44173941,1.05678706
2677,41,53,1.484864,0.8535857
2678,41,54,1.35039611,1.25698027
2679,41,55,1.53691606,1.1730021
2680,41,56,1.20369112,1.11384302
2681,41,57,1.30722687,0.9712665
2682,41,58,1.40587945,1.40297675
2683,41,59,1.56729149,0.71361251
2684,41,60,1.30433089,1.06183934
2685,41,61,1.18309128,1.4824708
2686,41,62,1.27679188,0.92002092
2687,41,63,1.22029202,0.83043872
2688,42,0,1.46804126,1.19733989
2689,42,1,1.32738627,1.00901301
2690,42,2,1.51120831,0.98597643
2691,42,3,1.67152306,1.21692998
2692,42,4,1.44810897,1.08306554
2693,42,5,1.49274548,0.78983301
2694,42,6,1.70947198,1.11245096
2695,42,7,1.44817374,1.11859439
2696,42,8,1.30212698,0.94982133
2697,42,9,1.57388108,1.193652
2698,42,10,1.29420298,0.56622609
2699,42,11,1.45185464,1.1324474
2700,42,12,1.45417777,1.01237517
2701,42,13,1.2485963,0.90333371
2702,42,14,1.2787265,1.03872237
2703,42,15,1.33504683,0.91005526
2704,42,16,1.19584769,0.94687291
2705,42,17,1.38076611,1.1378824
2706,42,18,1.43115502,1.36339648
2707,42,19,1.31829386,0.91456838
2708,42,20,1.62285155,0.75315093
2709,42,21,1.56122695,0.97037324
2710,42,22,1.40299619,1.25167342
2711,42,23,1.14069012,1.08996098
2712,42,24,1.33675577,0.97974869
2713,42,25,1.44377602,0.96903444
2714,42,26,1.26562059,1.10658932
2715,42,27,1.4862409,1.21542451
2716,42,28,1.25848535,0.90070973
2717,42,29,1.33850861,1.0187277
2718,42,30,1.34448685,1.00450822
2719,42,31,1.79708207,0.8439208
2720,42,32,1.4520484,0.97267961
2721,42,33,1.27334398,1.00462961
2722,42,34,1.52808013,0.97892284
2723,42,35,1.17070292,0.8163434
2724,42,36,1.41010161,0.8112833
2725,42,37,1.03041883,0.94627633
2726,42,38,1.38501708,1.0385559
2727,42,39,1.59323602,0.91906719
2728,42,40,1.63639429,0.92600852
2729,42,41,1.40638153,0.84959497
2730,42,42,1.50976791,1.41427236
2731,42,43,1.34280378,1.01398909
2732,42,44,1.15013625,1.0773634
2733,42,45,1.41424149,0.85752991
2734,42,46,1.39588278,0.69816913
2735,42,47,1.5998634,1.04086099
2736,42,48,1.46871006,1.00886614
2737,42,49,1.15065748,1.45523017
2738,42,50,1.51433691,0.99691109
2739,42,51,1.27278503,1.02306427
2740,42,52,1.40257875,1.00592751
2741,42,53,1.57673747,0.97413779
2742,42,54,1.66996193,1.18699464
2743,42,55,1.5310364,0.91662454
2744,42,56,1.29287009,1.10069235
2745,42,57,1.41707095,0.85939802
2746,42,58,1.45628222,1.07618579
2747,42,59,1.50335786,0.83597298
2748,42,60,1.49761999,1.08834509
2749,42,61,1.43059955,1.41288515
2750,42,62,1.20140175,0.88888323
2751,42,63,1.19355331,0.99235985
2752,43,0,1.56623854,1.1355287
2753,43,1,1.39627164,1.24977227
2754,43,2,1.74354949,0.89833923
2755,43,3,1.68089293,1.15883221
2756,43,4,1.50740866,0.99925538
2757,43,5,1.2178562,1.00174088
2758,43,6,1.77734158,0.90454722
2759,43,7,1.54612888,1.34593376
2760,43,8,1.52502173,1.05949098
2761,43,9,1.54691418,1.23110922
2762,43,10,1.39963245,0.6870711
2763,43,11,1.33969232,1.04859508
2764,43,12,1.59673548,0.99928182
2765,43,13,1.30290452,0.8912016
2766,43,14,1.21649923,0.92974476
2767,43,15,1.39586506,0.57335459
2768,43,16,1.28868383,0.84192259
2769,43,17,1.58227013,1.10066771
2770,43,18,1.20499454,1.31816865
2771,43,19,1.46756683,0.91571366
2772,43,20,1.64817735,1.09444609
2773,43,21,1.34023525,0.91611864
2774,43,22,1.50411818,1.23469581
2775,43,23,1.29468606,0.99919563
2776,43,24,1.32186701,0.8829639
2777,43,25,1.41570337,1.07058982
2778,43,26,1.26183444,0.88481229
2779,43,27,1.63638554,1.09525663
2780,43,28,1.28807242,0.87100499
2781,43,29,1.44133483,0.80090702
2782,43,30,1.41589499,0.84718485
2783,43,31,1.8943432,0.81216328
2784,43,32,1.44560259,0.9745783
2785,43,33,1.31256512,1.07795523
2786,43,34,1.60096138,0.97316799
2787,43,35,1.30116225,0.9062769
2788,43,36,1.48349224,0.61060467
2789,43,37,1.26356675,0.9505807
2790,43,38,1.2185148,1.0902653
2791,43,39,1.51610967,0.7865406
2792,43,40,1.65892815,0.99742468
2793,43,41,1.53689081,1.01632086
2794,43,42,1.49831159,1.2517609
2795,43,43,1.47892893,0.8635648
2796,43,44,1.223131,1.16617865
2797,43,45,1.31027714,0.93029973
2798,43,46,1.37468645,0.60477351
2799,43,47,1.46152504,0.96734969
2800,43,48,1.54203067,0.99460781
2801,43,49,1.20357286,1.36270327
2802,43,50,1.61005908,0.94568384
2803,43,51,1.37593022,1.01251574
2804,43,52,1.42442861,1.09752906
2805,43,53,1.52111912,0.82238668
2806,43,54,1.66133769,1.08179086
2807,43,55,1.62094456,0.98530973
2808,43,56,1.21221252,1.13776818
2809,43,57,1.40252734,0.86954799
2810,43,58,1.52787709,1.12208082
2811,43,59,1.6223306,0.68084792
2812,43,60,1.51902082,0.96932462
2813,43,61,1.4361075,1.2349603
2814,43,62,1.35930262,0.81467872
2815,43,63,1.25869484,0.97308514
2816,44,0,1.60555895,1.13401418
2817,44,1,1.42945166,1.0618544
2818,44,2,1.6344273,0.93449452
2819,44,3,1.80726663,1.114941
2820,44,4,1.5099804,0.89517855
2821,44,5,1.64465179,0.86089642
2822,44,6,1.82138626,0.95812575
2823,44,7,1.66845338,1.09728165
2824,44,8,1.49444165,0.93695191
2825,44,9,1.61241663,1.26133822
2826,44,10,1.3605815,0.52308264
2827,44,11,1.49542386,1.26194684
2828,44,12,1.55394513,1.0311517
2829,44,13,1.23314763,1.08133229
2830,44,14,1.13018197,0.99213755
2831,44,15,1.31431073,0.47214268
2832,44,16,1.40056968,0.94901279
2833,44,17,1.55304752,1.0158751
2834,44,18,1.64035772,1.17183384
2835,44,19,1.35766177,0.84111403
2836,44,20,1.7721633,0.83047101
2837,44,21,1.46198946,1.04105207
2838,44,22,1.63300141,1.1190538
2839,44,23,1.1306482,0.99123567
2840,44,24,1.66328218,0.87288678
2841,44,25,1.63359317,1.16314925
2842,44,26,1.37356546,0.91801965
2843,44,27,1.3902271,1.17083355
2844,44,28,1.3734211,0.87958782
2845,44,29,1.38495769,0.90043542
2846,44,30,1.44113891,0.93347501
2847,44,31,1.71735333,0.84702938
2848,44,32,1.47892121,0.88126423
2849,44,33,1.36131887,1.01271206
2850,44,34,1.66492627,1.08054136
2851,44,35,1.32665493,0.92604611
2852,44,36,1.47177217,0.82414242
2853,44,37,1.24949159,0.87410473
2854,44,38,1.1770955,1.03494954
2855,44,39,1.46001217,0.80315992
2856,44,40,1.66813493,0.85088626
2857,44,41,1.43492184,0.86149557
2858,44,42,1.56902989,1.21011673
2859,44,43,1.71771343,0.91744201
2860,44,44,1.233203,0.96420487
2861,44,45,1.44017152,0.92202059
2862,44,46,1.50858814,0.60470099
2863,44,47,1.57673838,0.82296949
2864,44,48,1.40235419,0.93839276
2865,44,49,1.24016293,1.2897751
2866,44,50,1.67678244,1.04019202
2867,44,51,1.4441508,0.87252216
2868,44,52,1.38182267,0.91761127
2869,44,53,1.56787803,0.73968453
2870,44,54,1.63107028,1.11130384
2871,44,55,1.61754611,1.1002595
2872,44,56,1.43164425,1.01660693
2873,44,57,1.58400075,0.75599064
2874,44,58,1.44896285,1.21168514
2875,44,59,1.6096365,0.7862294
2876,44,60,1.26452776,1.17022879
2877,44,61,1.55463201,1.17933397
2878,44,62,1.24444496,0.95600457
2879,44,63,1.29027599,0.8191243
2880,45,0,1.47270055,1.04487036
2881,45,1,1.54052038,1.21172919
2882,45,2,1.5647046,0.81862928
2883,45,3,1.84400908,1.18212208
2884,45,4,1.4186624,1.09182027
2885,45,5,1.5473604,0.9416302
2886,45,6,1.81074189,0.80348085
2887,45,7,1.68243541,1.26657073
2888,45,8,1.43755675,0.91464264
2889,45,9,1.64677092,0.95378918
2890,45,10,1.64367275,0.48598192
2891,45,11,1.55007696,1.06740303
2892,45,12,1.71638146,0.99659529
2893,45,13,1.27369161,0.83472143
2894,45,14,1.38456797,0.81494255
2895,45,15,1.5468057,0.56499482
2896,45,16,1.52773562,0.93100692
2897,45,17,1.67814459,1.01117973
2898,45,18,1.30308381,1.10387951
2899,45,19,1.42142318,0.88664567
2900,45,20,1.8938041,0.86204166
2901,45,21,1.468275,0.81210505
2902,45,22,1.59784022,0.90324053
2903,45,23,1.49964072,1.03570615
2904,45,24,1.59598295,0.74514139
2905,45,25,1.69568119,1.20656377
2906,45,26,1.30115829,1.02732752
2907,45,27,1.63592109,0.97279578
2908,45,28,1.52881251,0.91243403
2909,45,29,1.48763341,0.99517774
2910,45,30,1.35588053,0.77265703
2911,45,31,1.86824711,0.73355732
2912,45,32,1.52012713,1.06023934
2913,45,33,1.4632925,1.05886316
2914,45,34,1.69300842,1.00002718
2915,45,35,1.36069902,1.08017117
2916,45,36,1.54580347,0.90717192
2917,45,37,1.28831811,0.77791607
2918,45,38,1.48969603,0.90971867
2919,45,39,1.67709671,0.92862062
2920,45,40,1.71728402,0.87948162
2921,45,41,1.68323991,1.01172181
2922,45,42,1.61699898,1.06168318
2923,45,43,1.57007058,0.92615355
2924,45,44,1.48996407,1.03953329
2925,45,45,1.49068958,0.97879165
2926,45,46,1.43050651,0.79309859
2927,45,47,1.89735556,0.97850974
2928,45,48,1.75825262,0.91455642
2929,45,49,1.25125248,1.32381404
2930,45,50,1.66288547,0.89068066
2931,45,51,1.56473671,1.020797
2932,45,52,1.39807475,0.98735042
2933,45,53,1.7403113,0.78946958
2934,45,54,1.82633937,1.02508486
2935,45,55,1.75660564,0.97022124
2936,45,56,1.36446846,1.01923407
2937,45,57,1.45773092,0.77080596
2938,45,58,1.61203508,1.22844525
2939,45,59,1.70011664,0.61392602
2940,45,60,1.59880689,0.97211509
2941,45,61,1.54693111,1.315345
2942,45,62,1.42949618,0.89000766
2943,45,63,1.43836685,0.79720431
2944,46,0,1.88077114,1.06770445
2945,46,1,1.59945218,1.21082894
2946,46,2,1.7490884,0.95141564
2947,46,3,1.99,1.05879912
2948,46,4,1.57143517,0.99385058
2949,46,5,1.68257977,0.71298821
2950,46,6,1.71161649,0.93751902
2951,46,7,1.61638042,1.12699788
2952,46,8,1.60175786,0.85364508
2953,46,9,1.59921692,1.17052242
2954,46,10,1.63146987,0.40171926
2955,46,11,1.62773817,1.11894877
2956,46,12,1.74460019,1.04081438
2957,46,13,1.52114812,0.85694043
2958,46,14,1.38200709,0.91072794
2959,46,15,1.54779406,0.75477343
2960,46,16,1.37245322,0.82844414
2961,46,17,1.78929062,1.0654487
2962,46,18,1.4667249,1.22031516
2963,46,19,1.44743076,0.97256033
2964,46,20,1.85778713,0.89105543
2965,46,21,1.80947355,0.90286327
2966,46,22,1.64605453,1.12538497
2967,46,23,1.38904435,1.17062898
2968,46,24,1.56472732,0.8289802
2969,46,25,1.58176231,1.09504663
2970,46,26,1.528705,0.90505218
2971,46,27,1.73444985,0.95489117
2972,46,28,1.55668089,0.86119144
2973,46,29,1.72481137,0.81946407
2974,46,30,1.43945484,0.79982844
2975,46,31,1.80289529,0.81768424
2976,46,32,1.7538456,1.00031427
2977,46,33,1.571026,0.98015386
2978,46,34,1.74775185,0.90440291
2979,46,35,1.42402122,0.7712667
2980,46,36,1.68444896,0.71474657
2981,46,37,1.39765738,0.87466398
2982,46,38,1.41973484,0.80917628
2983,46,39,1.66728049,0.86899629
2984,46,40,1.65128191,0.91308394
2985,46,41,1.67632772,0.93344134
2986,46,42,1.5676033,1.23165565
2987,46,43,1.49613981,0.98445947
2988,46,44,1.33857239,1.05393975
2989,46,45,1.71102863,0.85025147
2990,46,46,1.60561986,0.58432386
2991,46,47,1.87382371,0.82508114
2992,46,48,1.72196873,0.86947431
2993,46,49,1.35096425,1.21728319
2994,46,50,1.74637968,0.83446633
2995,46,51,1.61837384,0.94798316
2996,46,52,1.52128295,0.93689261
2997,46,53,1.66278451,0.77180656
2998,46,54,1.90905574,1.03945474
2999,46,55,1.86541587,1.16291666
3000,46,56,1.44080402,0.93252932
3001,46,57,1.60975406,0.75007818
3002,46,58,1.83115682,1.14348265
3003,46,59,1.71413486,0.62822848
3004,46,60,1.6472953,0.97261274
3005,46,61,1.6076365,1.33531146
3006,46,62,1.42728813,0.77802414
3007,46,63,1.45122258,0.9000002
3008,47,0,1.80798742,1.01230991
3009,47,1,1.67057303,1.08173382
3010,47,2,1.66516504,0.91784668
3011,47,3,1.99,0.98787254
3012,47,4,1.58925537,0.89262731
3013,47,5,1.70906755,0.84715101
3014,47,6,1.91041966,0.88880795
3015,47,7,1.8087261,1.01357585
3016,47,8,1.62727372,0.97238818
3017,47,9,1.66750883,1.02013522
3018,47,10,1.74306313,0.4661376
3019,47,11,1.70723712,1.0190057
3020,47,12,1.70955871,0.95617021
3021,47,13,1.32850881,0.8737888
3022,47,14,1.39696392,0.81616477
3023,47,15,1.62887619,0.58884017
3024,47,16,1.5217341,0.77827647
3025,47,17,1.86066988,1.03174415
3026,47,18,1.62714961,1.10528866
3027,47,19,1.33604056,0.98653299
3028,47,20,1.90118027,0.72686211
3029,47,21,1.68569843,0.92614624
3030,47,22,1.69450594,1.14763646
3031,47,23,1.55914852,0.8712423
3032,47,24,1.55066013,0.90517908
3033,47,25,1.48585013,0.97307379
3034,47,26,1.39910522,0.88447746
3035,47,27,1.71866985,1.02467733
3036,47,28,1.55194405,0.71496068
3037,47,29,1.82581959,1.00828777
3038,47,30,1.50299949,0.97579325
3039,47,31,1.93210524,0.69884789
3040,47,32,1.67913425,0.89967828
3041,47,33,1.6062723,0.95726935
3042,47,34,1.77147837,0.80444
3043,47,35,1.4316066,0.74154165
3044,47,36,1.71852817,0.60000127
3045,47,37,1.37102539,0.95455148
3046,47,38,1.58293681,0.8540508
3047,47,39,1.70878316,0.93808851
3048,47,40,1.83865123,0.85762276
3049,47,41,1.59784454,1.00015762
3050,47,42,1.73521941,1.1404359
3051,47,43,1.66435142,0.90514094
3052,47,44,1.44971986,0.74764693
3053,47,45,1.56050161,0.97442279
3054,47,46,1.56661273,0.62442656
3055,47,47,1.78431303,0.93289839
3056,47,48,1.72044164,0.84193534
3057,47,49,1.52836885,1.35184101
3058,47,50,1.68644081,0.91900905
3059,47,51,1.67145137,1.00465633
3060,47,52,1.44914198,0.98336189
3061,47,53,1.73239628,0.70411219
3062,47,54,1.99,1.10361343
3063,47,55,1.79500697,0.84440654
3064,47,56,1.67151925,0.91907815
3065,47,57,1.55956378,0.74512383
3066,47,58,1.84922321,1.18031848
3067,47,59,1.81992552,0.72242584
3068,47,60,1.56631376,1.00724099
3069,47,61,1.66423884,1.31411007
3070,47,62,1.59764475,0.79897787
3071,47,63,1.47780195,0.88244126
3072,48,0,1.80937118,0.91866103
3073,48,1,1.68921886,1.09353347
3074,48,2,1.91219207,0.85785153
3075,48,3,1.87394011,1.03840457
3076,48,4,1.71617501,0.95244772
3077,48,5,1.78069071,0.8680812
3078,48,6,1.93156658,0.88825317
3079,48,7,1.77412084,1.16994604
3080,48,8,1.78770598,0.85275484
3081,48,9,1.80429109,1.23537446
3082,48,10,1.71315351,0.52527239
3083,48,11,1.57708875,1.06091892
3084,48,12,1.70418496,0.80567075
3085,48,13,1.42748777,0.79162078
3086,48,14,1.46575588,0.78182089
3087,48,15,1.73458371,0.67541487
3088,48,16,1.43450947,0.92866114
3089,48,17,1.72451634,1.00546023
3090,48,18,1.6005422,1.10732145
3091,48,19,1.51556816,0.90256511
3092,48,20,1.86290181,0.81068849
3093,48,21,1.7964615,0.86537895
3094,48,22,1.93832668,0.97832988
3095,48,23,1.60509369,0.92416072
3096,48,24,1.75923661,0.80325615
3097,48,25,1.72782986,1.06481119
3098,48,26,1.53024754,0.78487887
3099,48,27,1.75722848,1.07815469
3100,48,28,1.76348883,0.78691769
3101,48,29,1.80392323,0.72553199
3102,48,30,1.61650446,0.80143307
3103,48,31,1.99,0.67053561
3104,48,32,1.79546982,0.8921688
3105,48,33,1.59468719,0.91888376
3106,48,34,1.79153208,0.87500899
3107,48,35,1.54760222,0.83494079
3108,48,36,1.77609183,0.67708357
3109,48,37,1.4136874,0.92205568
3110,48,38,1.44943517,0.77425052
3111,48,39,1.99,0.6799544
3112,48,40,1.74469114,0.91790059
3113,48,41,1.60175719,0.92512102
3114,48,42,1.89654028,1.04266831
3115,48,43,1.53849882,0.78958748
3116,48,44,1.592312,1.01195
3117,48,45,1.5932378,0.92682541
3118,48,46,1.78434614,0.73850733
3119,48,47,1.88108304,0.69524048
3120,48,48,1.72809396,0.8582255
3121,48,49,1.4570504,1.23779287
3122,48,50,1.88034569,0.95643543
3123,48,51,1.6707253,1.01644619
3124,48,52,1.66929614,0.88328901
3125,48,53,1.90649651,0.71381376
3126,48,54,1.99,0.93968583
3127,48,55,1.84069988,0.98600375
3128,48,56,1.65149512,1.10342693
3129,48,57,1.69388779,0.63314881
3130,48,58,1.85931216,1.15415115
3131,48,59,1.73320461,0.67275331
3132,48,60,1.54313405,0.91819178
3133,48,61,1.64214797,1.27664482
3134,48,62,1.5856177,0.63190757
3135,48,63,1.63319581,0.68368618
3136,49,0,1.90091623,0.90675802
3137,49,1,1.75000619,1.09377766
3138,49,2,1.93886923,0.94615601
3139,49,3,1.99,1.025046
3140,49,4,1.72985801,0.91880459
3141,49,5,1.80003834,0.74536725
3142,49,6,1.89258188,0.93072701
3143,49,7,1.94428013,1.02629161
3144,49,8,1.62682788,0.96269643
3145,49,9,1.92069965,1.06637007
3146,49,10,1.63952472,0.39129305
3147,49,11,1.83434777,0.98429833
3148,49,12,1.79224738,0.9038322
3149,49,13,1.44785611,0.92521634
3150,49,14,1.64948637,0.82643819
3151,49,15,1.66536325,0.34241401
3152,49,16,1.52954887,0.70989163
3153,49,17,1.85795233,0.87746819
3154,49,18,1.55616955,1.04919098
3155,49,19,1.62858142,0.81448662
3156,49,20,1.86787369,0.71846488
3157,49,21,1.65546629,0.84687474
3158,49,22,1.87286094,0.91546814
3159,49,23,1.52500416,0.8624113
3160,49,24,1.53811912,0.79741342
3161,49,25,1.79481082,1.00460412
3162,49,26,1.53947823,0.8150318
3163,49,27,1.73583268,0.9149535
3164,49,28,1.61534564,0.82436993
3165,49,29,1.70038499,0.81078473
3166,49,30,1.67928294,0.68962656
3167,49,31,1.99,0.67840102
3168,49,32,1.70135466,0.95914706
3169,49,33,1.57336569,0.85051958
3170,49,34,1.96583639,0.79769213
3171,49,35,1.61987944,0.78963666
3172,49,36,1.84167898,0.44723526
3173,49,37,1.35967494,0.83618056
3174,49,38,1.68374661,0.72575389
3175,49,39,1.81000692,0.75323595
3176,49,40,1.9662274,0.66359296
3177,49,41,1.75482202,0.88400128
3178,49,42,1.83890397,1.33280232
3179,49,43,1.73659399,0.76362847
3180,49,44,1.61040315,0.99431222
3181,49,45,1.7006645,0.76630123
3182,49,46,1.8075437,0.61526797
3183,49,47,1.87648187,0.87653697
3184,49,48,1.93132399,0.95358573
3185,49,49,1.53022806,1.19083996
3186,49,50,1.9467945,0.72433302
3187,49,51,1.777324,0.78562997
3188,49,52,1.7836918,0.82414959
3189,49,53,1.99,0.71401131
3190,49,54,1.85679231,1.13539364
3191,49,55,1.99,1.03337287
3192,49,56,1.61319034,0.94417368
3193,49,57,1.76525232,0.65729505
3194,49,58,1.98507724,1.07196526
3195,49,59,1.73006393,0.66687081
3196,49,60,1.70027127,0.93203444
3197,49,61,1.7426616,1.24313206
3198,49,62,1.72362478,0.7240638
3199,49,63,1.59342411,0.76174836
